{"v":"4.8.0","ip":0,"op":180,"fr":29,"w":2005,"h":1562,"nm":"3","assets":[],"layers":[{"ind":1,"nm":"S","sr":1,"ks":{"o":{"a":0,"k":100},"r":{"a":0,"k":0},"p":{"a":0,"k":[1494.02,819.53,0]},"a":{"a":0,"k":[1494.02,819.53,0]},"s":{"k":[{"i":{"x":[0.667,0.667,0.667],"y":[1,1,1]},"o":{"x":[0.333,0.333,0.333],"y":[0,0,0]},"t":0,"s":[100,100,100]},{"i":{"x":[0.667,0.667,0.667],"y":[1,1,1]},"o":{"x":[0.333,0.333,0.333],"y":[0,0,0]},"t":90,"s":[120,120,100]},{"t":180,"s":[100,100,100]}],"a":1}},"shapes":[{"ty":"gr","nm":"G","bm":0,"it":[{"ty":"sh","nm":"P","ind":0,"ks":{"k":{"i":[[0,0],[0,0],[0,0],[0,0]],"o":[[0,0],[0,0],[0,0],[0,0]],"v":[[-78.664,-22.758],[78.663,-22.758],[78.663,22.758],[-78.664,22.758]],"c":true},"a":0}},{"ty":"fl","nm":"F","bm":0,"c":{"a":0,"k":[1,1,1,1]},"o":{"a":0,"k":100},"r":1},{"ty":"tr","o":{"a":0,"k":100},"r":{"a":0,"k":0},"p":{"a":0,"k":[1500.966,817.163]},"a":{"a":0,"k":[0,0]},"s":{"a":0,"k":[100,100]},"nm":"T","sk":{"a":0,"k":0},"sa":{"a":0,"k":0}}]},{"ty":"gr","nm":"G","bm":0,"it":[{"ty":"sh","nm":"P","ind":0,"ks":{"k":{"i":[[0,0],[0,0],[0,0],[0,0]],"o":[[0,0],[0,0],[0,0],[0,0]],"v":[[22.758,78.664],[-22.758,78.664],[-22.758,-78.663],[22.758,-78.663]],"c":true},"a":0}},{"ty":"fl","nm":"F","bm":0,"c":{"a":0,"k":[1,1,1,1]},"o":{"a":0,"k":100},"r":1},{"ty":"tr","o":{"a":0,"k":100},"r":{"a":0,"k":0},"p":{"a":0,"k":[1500.965,817.164]},"a":{"a":0,"k":[0,0]},"s":{"a":0,"k":[100,100]},"nm":"T","sk":{"a":0,"k":0},"sa":{"a":0,"k":0}}]},{"ty":"gr","nm":"G","bm":0,"it":[{"ty":"sh","nm":"P","ind":0,"ks":{"k":{"i":[[48.347,-17.81],[16.512,49.182],[0.03,38.616],[-13.229,5.943],[-33.006,0],[-15.031,-9.558],[14.18,-42.236]],"o":[[-48.347,-17.81],[-14.18,-42.236],[5.815,-3.696],[19.226,-8.639],[51.958,0],[-0.03,38.615],[-16.512,49.182]],"v":[[0,130.917],[-96.427,31.296],[-111.309,-96.333],[-82.08,-111.98],[0,-130.917],[111.309,-96.338],[96.427,31.296]],"c":true},"a":0}},{"ty":"fl","nm":"F","bm":0,"c":{"a":0,"k":[0.4524,0.8076,0.7425,1]},"o":{"a":0,"k":100},"r":1},{"ty":"tr","o":{"a":0,"k":100},"r":{"a":0,"k":0},"p":{"a":0,"k":[1500.965,827.058]},"a":{"a":0,"k":[0,0]},"s":{"a":0,"k":[100,100]},"nm":"T","sk":{"a":0,"k":0},"sa":{"a":0,"k":0}}]},{"ty":"gr","nm":"G","bm":0,"it":[{"ty":"sh","nm":"P","ind":0,"ks":{"k":{"i":[[0,80.144],[69.012,0],[0,0],[-125.411,-43.041]],"o":[[0,0],[-69.013,0],[0,80.144],[125.41,-43.041]],"v":[[124.669,-103.871],[0.001,-144.685],[-124.668,-103.871],[0.001,144.685]],"c":true},"a":0}},{"ty":"fl","nm":"F","bm":0,"c":{"a":0,"k":[0.3475,0.7525,0.6782,1]},"o":{"a":0,"k":100},"r":1},{"ty":"tr","o":{"a":0,"k":100},"r":{"a":0,"k":0},"p":{"a":0,"k":[1500.965,827.468]},"a":{"a":0,"k":[0,0]},"s":{"a":0,"k":[100,100]},"nm":"T","sk":{"a":0,"k":0},"sa":{"a":0,"k":0}}]}],"ip":0,"op":180,"st":0,"ty":4},{"ind":2,"nm":"U","sr":1,"ks":{"o":{"a":0,"k":100},"r":{"a":0,"k":0},"p":{"k":[{"i":{"x":0.667,"y":1},"o":{"x":0.333,"y":0},"t":0,"s":[1002.02,780.53,0],"ti":[0,0,0],"to":[0,-10,0]},{"i":{"x":0.667,"y":1},"o":{"x":0.333,"y":0},"t":90,"s":[1002.02,717.53,0],"ti":[0,-10,0],"to":[0,0,0]},{"t":180,"s":[1002.02,780.53,0]}],"a":1},"a":{"a":0,"k":[1002.02,780.53,0]},"s":{"a":0,"k":[100,100,100]}},"shapes":[{"ty":"gr","nm":"G","bm":0,"it":[{"ty":"sh","nm":"P","ind":0,"ks":{"k":{"i":[[0.324,1.863],[75.109,58.876],[100.295,0.194],[76.148,-59.422],[15.464,-88.748],[-1.334,-0.652],[-0.326,-0.057],[-0.324,1.863],[-189.92,12.997],[20.745,-43.052],[5.888,-88.355],[-1.212,-0.593],[-0.457,-0.029],[-0.126,1.887],[-27.971,58.049],[-36.082,-0.045],[-0.019,0],[-27.588,-57.622],[-5.607,-87.222],[-1.888,0.121],[0.122,1.888],[28.079,58.648],[26.628,13.221],[-30.061,-172.489],[-1.862,0.324]],"o":[[-15.425,-88.501],[-75.829,-59.443],[-100.55,-0.194],[-75.439,58.868],[-0.268,1.536],[0.284,0.138],[1.864,0.325],[30.157,-173.072],[-26.758,13.164],[-28.344,58.819],[-0.095,1.43],[0.389,0.189],[1.887,0.126],[5.832,-87.502],[27.837,-57.77],[0.02,0],[35.996,0.082],[27.709,57.877],[0.121,1.886],[1.887,-0.122],[-5.662,-88.074],[-20.542,-42.909],[189.266,13.652],[0.326,1.863],[1.863,-0.326]],"v":[[414.215,158.427],[273.824,-70.115],[0.705,-162.594],[-273.306,-70.747],[-414.271,158.165],[-412.403,161.828],[-411.486,162.124],[-407.525,159.34],[-32.197,-154.633],[-104.707,-69.209],[-157.791,159.018],[-155.878,162.324],[-154.602,162.661],[-150.958,159.473],[-98.539,-66.236],[0.581,-155.746],[0.639,-155.746],[99.237,-66.267],[150.901,158.741],[154.538,161.939],[157.735,158.301],[105.413,-69.225],[33.411,-154.517],[407.468,159.603],[411.429,162.389]],"c":true},"a":0}},{"ty":"fl","nm":"F","bm":0,"c":{"a":0,"k":[0.0464,0.2736,0.2244,1]},"o":{"a":0,"k":100},"r":1},{"ty":"tr","o":{"a":0,"k":100},"r":{"a":0,"k":0},"p":{"a":0,"k":[1067.305,464.024]},"a":{"a":0,"k":[0,0]},"s":{"a":0,"k":[100,100]},"nm":"T","sk":{"a":0,"k":0},"sa":{"a":0,"k":0}}]},{"ty":"gr","nm":"G","bm":0,"it":[{"ty":"sh","nm":"P","ind":0,"ks":{"k":{"i":[[0,0],[30.718,-21.401],[0,0],[0,0],[0,0],[0,0],[0,0],[0,0],[0,0],[0,0],[0,0],[0,0],[1.902,-1.293],[0,0],[0,0],[0,0],[0,0],[0,0],[0,0]],"o":[[-44.784,-24.642],[0,0],[0,0],[0,0],[0,0],[0,0],[0,0],[0,0],[0,0],[0,0],[0,0],[0,0],[-1.902,1.293],[0,0],[0,0],[0,0],[0,0],[0,0],[0,0]],"v":[[53.77,159.348],[-195.836,159.25],[-196.875,142.694],[-185.01,100.22],[-154.951,37.419],[-105.776,-28.107],[-50.071,-77.102],[-3.87,-104.701],[71.625,-138.309],[105.62,-146.783],[143.831,-154.785],[196.875,-159.348],[176.808,-148.831],[144.502,-123.017],[117.174,-82.7],[97.158,-38.492],[76.214,30.352],[65.232,85.96],[56.308,157.503]],"c":true},"a":0}},{"ty":"fl","nm":"F","bm":0,"c":{"a":0,"k":[0.49,0.83,0.7677,1]},"o":{"a":0,"k":100},"r":1},{"ty":"tr","o":{"a":0,"k":100},"r":{"a":0,"k":0},"p":{"a":0,"k":[855.765,463.51]},"a":{"a":0,"k":[0,0]},"s":{"a":0,"k":[100,100]},"nm":"T","sk":{"a":0,"k":0},"sa":{"a":0,"k":0}}]},{"ty":"gr","nm":"G","bm":0,"it":[{"ty":"sh","nm":"P","ind":0,"ks":{"k":{"i":[[7.514,0.067],[30.718,-21.401],[0,0],[0,0],[0,0],[0,0],[0,0],[0,0],[0,0],[0,0],[0,0],[0,0],[0,0],[0,0],[0,0]],"o":[[-44.785,-24.642],[0,0],[0,0],[0,0],[0,0],[0,0],[0,0],[0,0],[0,0],[0,0],[0,0],[0,0],[0,0],[0,0],[0,0]],"v":[[148.28,159.052],[-153.512,158.837],[-155.793,142.121],[-145.634,58.954],[-118.555,-36.902],[-86.79,-101.41],[-57.806,-134.883],[-21.943,-159.039],[8.108,-159.119],[33.354,-150.829],[59.776,-128.864],[83.414,-97.303],[119.106,-24.124],[135.049,34.88],[146.973,104.543]],"c":true},"a":0}},{"ty":"fl","nm":"F","bm":0,"c":{"a":0,"k":[0.3826,0.7774,0.705,1]},"o":{"a":0,"k":100},"r":1},{"ty":"tr","o":{"a":0,"k":100},"r":{"a":0,"k":0},"p":{"a":0,"k":[1069.902,464.009]},"a":{"a":0,"k":[0,0]},"s":{"a":0,"k":[100,100]},"nm":"T","sk":{"a":0,"k":0},"sa":{"a":0,"k":0}}]},{"ty":"gr","nm":"G","bm":0,"it":[{"ty":"sh","nm":"P","ind":0,"ks":{"k":{"i":[[0,0],[30.717,-21.402],[0,0],[0,0],[0,0],[0,0],[0,0],[0,0],[0,0],[0,0],[0,0],[0,0],[0,0],[0,0],[0,0],[0,0],[0,0],[0,0],[0,0],[0,0]],"o":[[-44.785,-24.642],[0,0],[0,0],[0,0],[0,0],[0,0],[0,0],[0,0],[0,0],[0,0],[0,0],[0,0],[0,0],[0,0],[0,0],[0,0],[0,0],[0,0],[0,0],[0,0]],"v":[[188.932,159.365],[-60.533,159.179],[-63.781,158.375],[-70.562,96.464],[-82.49,26.323],[-105.929,-46.585],[-134.318,-100.833],[-159.24,-131.474],[-192.674,-156.151],[-191.698,-159.365],[-138.466,-152.047],[-76.655,-137.916],[-10.883,-109.224],[44.165,-75.651],[72.032,-52.741],[119.997,-3.455],[150.763,43.738],[171.378,84.896],[186.165,127.257],[192.673,159.021]],"c":true},"a":0}},{"ty":"fl","nm":"F","bm":0,"c":{"a":0,"k":[0.49,0.83,0.7677,1]},"o":{"a":0,"k":100},"r":1},{"ty":"tr","o":{"a":0,"k":100},"r":{"a":0,"k":0},"p":{"a":0,"k":[1285.686,463.728]},"a":{"a":0,"k":[0,0]},"s":{"a":0,"k":[100,100]},"nm":"T","sk":{"a":0,"k":0},"sa":{"a":0,"k":0}}]},{"ty":"gr","nm":"G","bm":0,"it":[{"ty":"sh","nm":"P","ind":0,"ks":{"k":{"i":[[0,0],[0,0],[-7.564,0.001],[-0.002,-7.565],[0,0]],"o":[[0,0],[-0.001,-7.564],[7.563,0],[0,0],[0,0]],"v":[[-13.689,36.163],[-13.702,-22.735],[-0.008,-36.434],[13.69,-22.74],[13.703,36.434]],"c":true},"a":0}},{"ty":"fl","nm":"F","bm":0,"c":{"a":0,"k":[0.0464,0.2736,0.2244,1]},"o":{"a":0,"k":100},"r":1},{"ty":"tr","o":{"a":0,"k":100},"r":{"a":0,"k":0},"p":{"a":0,"k":[1069.919,289.609]},"a":{"a":0,"k":[0,0]},"s":{"a":0,"k":[100,100]},"nm":"T","sk":{"a":0,"k":0},"sa":{"a":0,"k":0}}]},{"ty":"gr","nm":"G","bm":0,"it":[{"ty":"sh","nm":"P","ind":0,"ks":{"k":{"i":[[0,0],[0,-5.69],[0,0],[9.639,0],[-0.018,10.638],[0,0],[9.044,0.036],[-0.008,-9.017],[0,0],[-27.638,-0.017],[-0.009,28.639],[0,0],[4.387,2.93],[0,0],[0,0]],"o":[[-4.456,2.948],[0,0],[0,10.622],[-9.602,0],[0,0],[0,-8.983],[-9,0.018],[0,0],[-0.017,28.639],[27.716,0.018],[0,0],[0,-5.742],[0,0],[0,0],[0,0]],"v":[[25.065,46.018],[17.514,59.415],[17.366,195.469],[-0.1,214.712],[-17.478,195.453],[-17.436,134.089],[-33.824,117.726],[-50.196,134.054],[-50.256,195.436],[-0.142,247.454],[50.118,195.505],[50.274,59.484],[42.765,46.036],[41.625,-247.455],[23.875,-247.471]],"c":true},"a":0}},{"ty":"fl","nm":"F","bm":0,"c":{"a":0,"k":[0.0464,0.2736,0.2244,1]},"o":{"a":0,"k":100},"r":1},{"ty":"tr","o":{"a":0,"k":100},"r":{"a":0,"k":0},"p":{"a":0,"k":[1039.987,805.614]},"a":{"a":0,"k":[0,0]},"s":{"a":0,"k":[100,100]},"nm":"T","sk":{"a":0,"k":0},"sa":{"a":0,"k":0}}]}],"ip":0,"op":180,"st":0,"ty":4},{"ind":3,"nm":"P","sr":1,"ks":{"o":{"a":0,"k":100},"r":{"a":0,"k":0},"p":{"a":0,"k":[678.02,1293.53,0]},"a":{"a":0,"k":[678.02,1293.53,0]},"s":{"a":0,"k":[100,100,100]}},"shapes":[{"ty":"gr","nm":"S","bm":0,"it":[{"ty":"sh","nm":"P","ind":0,"ks":{"k":{"i":[[0,0],[0,0],[0,0],[0,0],[0,0],[0,0],[0,0],[0,0],[0,0],[0,0],[0,0],[0,0],[0,0],[0,0],[0,0],[0,0],[0,0],[0,0],[0,0],[0,0],[0,0],[0,0],[0,0],[0,0],[0,0],[0,0]],"o":[[0,0],[0,0],[0,0],[0,0],[0,0],[0,0],[0,0],[0,0],[0,0],[0,0],[0,0],[0,0],[0,0],[0,0],[0,0],[0,0],[0,0],[0,0],[0,0],[0,0],[0,0],[0,0],[0,0],[0,0],[0,0],[0,0]],"v":[[797.5,1199.5],[816.5,1201],[826.5,1218],[835,1177.5],[835,1200],[851.5,1201],[855,1216],[869,1180],[869.5,1200],[885,1200.5],[894.5,1220],[904,1178],[905,1200.5],[920,1200.5],[925,1218.5],[937.5,1179],[939.5,1201],[955,1200],[963,1220.5],[972,1178],[974,1201.5],[988,1201],[992,1218],[1005.5,1176.5],[1006,1199.5],[1021,1199.5]],"c":false},"a":0}},{"ty":"tm","nm":"T","s":{"a":0,"k":0},"e":{"a":1,"k":[{"i":{"x":[0.667],"y":[1]},"o":{"x":[0.333],"y":[0]},"t":10,"s":[0]},{"t":160,"s":[100]}]},"o":{"a":0,"k":0},"m":1},{"ty":"st","nm":"S","bm":0,"lc":1,"lj":1,"ml":4,"o":{"a":0,"k":100},"w":{"a":0,"k":3},"c":{"a":0,"k":[0.3973,0.7827,0.712,1]}},{"ty":"tr","o":{"a":1,"k":[{"i":{"x":[0.667],"y":[1]},"o":{"x":[0.333],"y":[0]},"t":160,"s":[100]},{"t":180,"s":[0]}]},"r":{"a":0,"k":0},"p":{"a":0,"k":[0,0]},"a":{"a":0,"k":[0,0]},"s":{"a":0,"k":[100,100]},"nm":"T","sk":{"a":0,"k":0},"sa":{"a":0,"k":0}}]},{"ty":"gr","nm":"G","bm":0,"it":[{"ty":"sh","nm":"P","ind":0,"ks":{"k":{"i":[[0,0.926],[0,0],[0,0],[0.724,-0.073],[0.056,0],[0.273,0.609],[0,0],[0,0],[0,0.926],[-0.933,0],[0,0],[-0.271,-0.605],[0,0],[0,0],[-0.855,-0.088],[0,-0.854],[0,0],[0,0],[-0.187,1.881],[0,0],[0,0],[0,0.718],[10.506,0],[3.486,-4.316],[6.006,0],[0,-10.429],[-0.079,-0.696],[0,0],[0,0],[0,0],[-8.616,14.482],[0,0]],"o":[[0,0],[0,0],[-0.157,0.707],[-0.058,0.005],[-0.661,0],[0,0],[0,0],[-0.933,0],[0,-0.926],[0,0],[0.667,0],[0,0],[0,0],[0.186,-0.835],[0.856,0.094],[0,0],[0,0],[0.985,-2.123],[0,0],[0,0],[0.079,-0.696],[0,-10.429],[-6.006,0],[-3.486,-4.316],[-10.505,0],[0,0.718],[0,0],[0,0],[4.304,16.739],[0,0],[0,0],[-0.932,0]],"v":[[18.331,-2.01],[18.331,-10.184],[12.11,17.642],[10.632,18.947],[10.462,18.955],[8.92,17.961],[0.719,-0.334],[-18.246,-0.334],[-19.934,-2.01],[-18.246,-3.686],[1.814,-3.686],[3.356,-2.691],[9.923,11.956],[18.37,-25.836],[20.202,-27.14],[21.706,-25.474],[21.706,-3.686],[31.897,-3.686],[33.715,-9.727],[33.866,-9.946],[33.743,-9.946],[33.866,-12.067],[14.844,-30.95],[-0.001,-23.867],[-14.846,-30.95],[-33.867,-12.067],[-33.745,-9.946],[-33.867,-9.946],[-33.718,-9.737],[0.648,30.95],[30.115,-0.334],[20.018,-0.334]],"c":true},"a":0}},{"ty":"fl","nm":"F","bm":0,"c":{"a":0,"k":[0.9865,0.6227,0.1135,1]},"o":{"a":0,"k":100},"r":1},{"ty":"tr","o":{"a":0,"k":100},"r":{"a":0,"k":0},"p":{"a":0,"k":[758.969,1202.415]},"a":{"a":0,"k":[0,0]},"s":{"k":[{"i":{"x":[0.667,0.667],"y":[1,1]},"o":{"x":[0.333,0.333],"y":[0,0]},"t":0,"s":[100,100]},{"i":{"x":[0.667,0.667],"y":[1,1]},"o":{"x":[0.333,0.333],"y":[0,0]},"t":15,"s":[120,120]},{"i":{"x":[0.667,0.667],"y":[1,1]},"o":{"x":[0.333,0.333],"y":[0,0]},"t":30,"s":[100,100]},{"i":{"x":[0.667,0.667],"y":[1,1]},"o":{"x":[0.333,0.333],"y":[0,0]},"t":45,"s":[120,120]},{"i":{"x":[0.667,0.667],"y":[1,1]},"o":{"x":[0.333,0.333],"y":[0,0]},"t":60,"s":[100,100]},{"i":{"x":[0.667,0.667],"y":[1,1]},"o":{"x":[0.333,0.333],"y":[0,0]},"t":75,"s":[120,120]},{"i":{"x":[0.667,0.667],"y":[1,1]},"o":{"x":[0.333,0.333],"y":[0,0]},"t":90,"s":[100,100]},{"i":{"x":[0.667,0.667],"y":[1,1]},"o":{"x":[0.333,0.333],"y":[0,0]},"t":105,"s":[120,120]},{"i":{"x":[0.667,0.667],"y":[1,1]},"o":{"x":[0.333,0.333],"y":[0,0]},"t":120,"s":[100,100]},{"i":{"x":[0.667,0.667],"y":[1,1]},"o":{"x":[0.333,0.333],"y":[0,0]},"t":135,"s":[120,120]},{"i":{"x":[0.667,0.667],"y":[1,1]},"o":{"x":[0.333,0.333],"y":[0,0]},"t":150,"s":[100,100]},{"i":{"x":[0.667,0.667],"y":[1,1]},"o":{"x":[0.333,0.333],"y":[0,0]},"t":165,"s":[120,120]},{"t":180,"s":[100,100]}],"a":1},"nm":"T","sk":{"a":0,"k":0},"sa":{"a":0,"k":0}}]},{"ty":"gr","nm":"G","bm":0,"it":[{"ty":"sh","nm":"P","ind":0,"ks":{"k":{"i":[[0.168,0],[0,0],[0.11,0.118],[0,0.169],[0,0],[-0.109,0.117],[-0.181,0],[0,0],[-0.118,-0.118],[0,-0.169],[0,0],[0.118,-0.117]],"o":[[0,0],[-0.181,0],[-0.109,-0.117],[0,0],[0,-0.169],[0.11,-0.118],[0,0],[0.168,0],[0.118,0.117],[0,0],[0,0.169],[-0.118,0.118]],"v":[[-75.517,9.21],[-79.31,9.21],[-79.748,9.033],[-79.912,8.604],[-79.912,-8.629],[-79.748,-9.058],[-79.31,-9.235],[-75.517,-9.235],[-75.092,-9.058],[-74.916,-8.629],[-74.916,8.604],[-75.092,9.033]],"c":true},"a":0}},{"ty":"sh","nm":"P","ind":1,"ks":{"k":{"i":[[0,-0.168],[0,0],[0.118,-0.117],[0.168,0],[0,0],[0.185,0.102],[0.1,0.135],[0,0],[0.109,-0.025],[0,-0.168],[0,0],[0.118,-0.117],[0.168,0],[0,0],[0.117,0.118],[0,0.169],[0,0],[-0.118,0.118],[-0.168,0],[0,0],[-0.185,-0.092],[-0.101,-0.134],[0,0],[-0.109,0.017],[0,0.168],[0,0],[-0.118,0.118],[-0.169,0],[0,0],[-0.118,-0.117]],"o":[[0,0],[0,0.169],[-0.118,0.118],[0,0],[-0.168,0],[-0.185,-0.101],[0,0],[-0.102,-0.135],[-0.11,0.025],[0,0],[0,0.169],[-0.118,0.118],[0,0],[-0.169,0],[-0.118,-0.117],[0,0],[0,-0.168],[0.117,-0.117],[0,0],[0.167,0],[0.185,0.093],[0,0],[0.102,0.134],[0.11,-0.017],[0,0],[0,-0.168],[0.117,-0.117],[0,0],[0.168,0],[0.118,0.118]],"v":[[-54.174,-8.655],[-54.174,8.604],[-54.351,9.033],[-54.78,9.21],[-58.506,9.21],[-59.036,9.058],[-59.46,8.705],[-66.033,-0.555],[-66.349,-0.719],[-66.513,-0.429],[-66.513,8.604],[-66.69,9.033],[-67.123,9.21],[-70.899,9.21],[-71.332,9.033],[-71.509,8.604],[-71.509,-8.655],[-71.332,-9.084],[-70.904,-9.26],[-67.118,-9.26],[-66.589,-9.122],[-66.16,-8.781],[-59.6,0.48],[-59.284,0.656],[-59.12,0.379],[-59.12,-8.655],[-58.943,-9.084],[-58.514,-9.26],[-54.78,-9.26],[-54.351,-9.084]],"c":true},"a":0}},{"ty":"sh","nm":"P","ind":2,"ks":{"k":{"i":[[-0.135,-0.084],[-0.892,-0.336],[-0.774,0],[-0.387,0.21],[0,0.421],[0.169,0.126],[0.277,0.084],[0.37,0.05],[0.387,0.084],[0.496,0.093],[0.521,0.176],[0.513,0.269],[0.403,0.42],[0.244,0.58],[0,0.79],[-0.454,0.757],[-0.698,0.446],[-0.858,0.177],[-0.807,0],[-1.119,-0.412],[-1.026,-0.791],[-0.017,-0.169],[0.101,-0.135],[0,0],[0.168,-0.034],[0.134,0.101],[0.741,0.227],[0.622,0],[0.244,-0.008],[0.219,-0.059],[0.143,-0.134],[0,-0.235],[-0.353,-0.185],[-0.455,-0.134],[-0.42,-0.076],[-0.118,-0.016],[-0.723,-0.227],[-0.63,-0.445],[-0.429,-0.714],[0,-1.077],[0.353,-0.732],[0.631,-0.471],[0.883,-0.228],[1.077,0],[0.756,0.142],[0.656,0.252],[0.563,0.345],[0.471,0.387],[0.016,0.176],[-0.101,0.135],[0,0],[-0.169,0.034]],"o":[[0.908,0.588],[0.891,0.337],[0.74,0],[0.387,-0.211],[0,-0.218],[-0.168,-0.126],[-0.278,-0.084],[-0.37,-0.051],[-0.371,-0.067],[-0.496,-0.092],[-0.522,-0.177],[-0.513,-0.269],[-0.404,-0.421],[-0.244,-0.58],[0,-1.161],[0.455,-0.757],[0.698,-0.446],[0.858,-0.176],[1.413,0],[1.118,0.412],[0.135,0.117],[0.016,0.168],[0,0],[-0.1,0.134],[-0.168,0.034],[-0.858,-0.538],[-0.74,-0.227],[-0.185,0],[-0.244,0.008],[-0.219,0.059],[-0.143,0.135],[0,0.236],[0.353,0.185],[0.454,0.135],[0.421,0.076],[0.606,0.119],[0.724,0.227],[0.631,0.446],[0.429,0.715],[0,1.009],[-0.354,0.732],[-0.631,0.471],[-0.884,0.226],[-0.875,0],[-0.757,-0.144],[-0.656,-0.253],[-0.564,-0.345],[-0.135,-0.101],[-0.017,-0.177],[0,0],[0.101,-0.134],[0.168,-0.034]],"v":[[-48.295,2.877],[-45.595,4.264],[-43.097,4.769],[-41.407,4.454],[-40.826,3.507],[-41.079,2.99],[-41.747,2.675],[-42.719,2.473],[-43.854,2.271],[-45.154,2.031],[-46.68,1.628],[-48.232,0.959],[-49.607,-0.075],[-50.579,-1.577],[-50.945,-3.633],[-50.264,-6.51],[-48.535,-8.314],[-46.201,-9.248],[-43.703,-9.513],[-39.905,-8.894],[-36.688,-7.09],[-36.461,-6.661],[-36.587,-6.207],[-38.556,-3.406],[-38.959,-3.154],[-39.413,-3.255],[-41.811,-4.403],[-43.854,-4.744],[-44.498,-4.731],[-45.192,-4.63],[-45.734,-4.34],[-45.949,-3.785],[-45.419,-3.154],[-44.207,-2.675],[-42.896,-2.359],[-42.088,-2.221],[-40.095,-1.703],[-38.064,-0.694],[-36.474,1.047],[-35.83,3.735],[-36.36,6.346],[-37.836,8.15],[-40.107,9.198],[-43.047,9.538],[-45.494,9.324],[-47.614,8.731],[-49.443,7.835],[-50.995,6.737],[-51.222,6.321],[-51.096,5.854],[-49.153,3.053],[-48.749,2.801]],"c":true},"a":0}},{"ty":"sh","nm":"P","ind":3,"ks":{"k":{"i":[[0,0],[-0.118,0.117],[-0.168,0],[0,0],[-0.118,-0.118],[0,-0.169],[0,0],[-0.211,-0.429],[-0.311,-0.243],[-0.353,-0.101],[-0.286,0],[-0.353,0.101],[-0.303,0.244],[-0.215,0.429],[0,0.656],[0,0],[-0.118,0.117],[-0.168,0],[0,0],[-0.118,-0.118],[0,-0.169],[0,0],[0.379,-0.976],[0.706,-0.69],[0.988,-0.378],[1.212,0],[0.992,0.379],[0.706,0.69],[0.387,0.975],[0,1.194]],"o":[[0,-0.169],[0.118,-0.118],[0,0],[0.168,0],[0.117,0.117],[0,0],[0,0.656],[0.214,0.429],[0.311,0.244],[0.353,0.101],[0.286,0],[0.353,-0.101],[0.302,-0.243],[0.21,-0.429],[0,0],[0,-0.169],[0.118,-0.118],[0,0],[0.169,0],[0.118,0.117],[0,0],[0,1.194],[-0.378,0.975],[-0.707,0.69],[-0.993,0.379],[-1.211,0],[-0.988,-0.378],[-0.707,-0.69],[-0.387,-0.976],[0,0]],"v":[[-33.231,-8.629],[-33.055,-9.058],[-32.63,-9.235],[-28.837,-9.235],[-28.412,-9.058],[-28.236,-8.629],[-28.236,1.59],[-27.92,3.217],[-27.134,4.226],[-26.133,4.744],[-25.17,4.895],[-24.207,4.744],[-23.218,4.226],[-22.444,3.217],[-22.129,1.59],[-22.129,-8.629],[-21.953,-9.058],[-21.528,-9.235],[-17.735,-9.235],[-17.31,-9.058],[-17.133,-8.629],[-17.133,1.59],[-17.701,4.845],[-19.324,7.343],[-21.868,8.945],[-25.17,9.513],[-28.471,8.945],[-31.015,7.343],[-32.651,4.845],[-33.231,1.59]],"c":true},"a":0}},{"ty":"sh","nm":"P","ind":4,"ks":{"k":{"i":[[0.169,0],[0,0],[0.118,0.118],[0,0.169],[0,0],[-0.117,0.118],[-0.168,0],[0,0],[-0.824,-0.328],[-0.581,-0.589],[-0.327,-0.807],[0,-0.976],[0.126,-0.53],[0.235,-0.472],[0.32,-0.379],[0.404,-0.252],[0.042,-0.143],[-0.101,-0.134],[-0.707,-0.891],[-0.555,-0.74],[0.05,-0.159],[0.168,0],[0,0],[0.194,0.093],[0.101,0.134],[0.525,0.723],[0.518,0.74],[0.185,0.093],[0.168,0],[0,0],[0.117,-0.118],[0,-0.169],[0,0],[0.117,-0.117]],"o":[[0,0],[-0.168,0],[-0.117,-0.117],[0,0],[0,-0.168],[0.118,-0.117],[0,0],[0.976,0],[0.824,0.328],[0.58,0.589],[0.328,0.808],[0,0.538],[-0.126,0.53],[-0.236,0.47],[-0.32,0.378],[-0.135,0.101],[-0.042,0.143],[0.64,0.841],[0.706,0.892],[0.1,0.134],[-0.05,0.16],[0,0],[-0.169,0],[-0.193,-0.092],[-0.535,-0.707],[-0.53,-0.723],[-0.101,-0.135],[-0.185,-0.092],[0,0],[-0.164,0],[-0.118,0.117],[0,0],[0,0.169],[-0.118,0.118]],"v":[[-8.937,9.21],[-12.713,9.21],[-13.147,9.033],[-13.323,8.604],[-13.323,-8.655],[-13.147,-9.084],[-12.718,-9.26],[-4.87,-9.26],[-2.17,-8.768],[-0.063,-7.393],[1.299,-5.299],[1.792,-2.624],[1.602,-1.022],[1.06,0.48],[0.227,1.754],[-0.858,2.7],[-1.123,3.066],[-1.035,3.482],[0.984,6.081],[2.877,8.529],[2.952,8.97],[2.624,9.21],[-2.069,9.21],[-2.612,9.071],[-3.053,8.731],[-4.647,6.586],[-6.216,4.391],[-6.645,4.05],[-7.17,3.911],[-7.725,3.911],[-8.15,4.088],[-8.327,4.517],[-8.327,8.604],[-8.503,9.033]],"c":true},"a":0}},{"ty":"sh","nm":"P","ind":5,"ks":{"k":{"i":[[-0.164,0],[0,0],[-0.214,0.075],[-0.185,0.159],[-0.118,0.235],[0,0.32],[0.059,0.227],[0.143,0.21],[0.244,0.143],[0.354,0],[0,0],[0.117,-0.118],[0,-0.168],[0,0],[-0.118,-0.118]],"o":[[0,0],[0.202,0],[0.219,-0.076],[0.18,-0.16],[0.118,-0.236],[0,-0.168],[-0.059,-0.227],[-0.139,-0.21],[-0.244,-0.143],[0,0],[-0.164,0],[-0.118,0.118],[0,0],[0,0.168],[0.117,0.117]],"v":[[-7.725,-0.731],[-5.064,-0.731],[-4.437,-0.845],[-3.831,-1.198],[-3.381,-1.791],[-3.205,-2.624],[-3.293,-3.217],[-3.596,-3.873],[-4.172,-4.403],[-5.064,-4.617],[-7.725,-4.617],[-8.15,-4.441],[-8.327,-4.012],[-8.327,-1.337],[-8.15,-0.908]],"c":true},"a":0}},{"ty":"sh","nm":"P","ind":6,"ks":{"k":{"i":[[0,0],[-0.16,0.109],[-0.185,0],[0,0],[-0.16,-0.109],[-0.067,-0.151],[0,0],[0.093,-0.168],[0.269,0],[0,0],[0.16,0.109],[0.084,0.151],[0,0],[0.159,0.109],[0.169,0],[0,0],[0.16,-0.11],[0.068,-0.151],[0,0],[0.159,-0.11],[0.169,0],[0,0],[0.093,0.033],[0.059,0.068],[0.017,0.101],[-0.068,0.134]],"o":[[0.067,-0.151],[0.159,-0.109],[0,0],[0.169,0],[0.159,0.109],[0,0],[0.068,0.152],[-0.092,0.169],[0,0],[-0.185,0],[-0.16,-0.11],[0,0],[-0.085,-0.151],[-0.16,-0.11],[0,0],[-0.185,0],[-0.159,0.109],[0,0],[-0.067,0.151],[-0.16,0.109],[0,0],[-0.085,0],[-0.092,-0.034],[-0.058,-0.067],[-0.017,-0.101],[0,0]],"v":[[10.648,-8.68],[10.989,-9.071],[11.506,-9.235],[15.038,-9.235],[15.531,-9.071],[15.871,-8.68],[23.239,8.478],[23.201,8.957],[22.659,9.21],[18.344,9.21],[17.827,9.046],[17.461,8.655],[16.78,7.141],[16.414,6.75],[15.921,6.586],[10.598,6.586],[10.08,6.75],[9.739,7.141],[9.033,8.655],[8.693,9.046],[8.2,9.21],[3.861,9.21],[3.595,9.16],[3.368,9.008],[3.255,8.756],[3.331,8.403]],"c":true},"a":0}},{"ty":"sh","nm":"P","ind":7,"ks":{"k":{"i":[[-0.185,0],[0,0],[-0.075,0.11],[0.084,0.151],[0.236,0.564],[0.202,0.488],[0.084,0],[0.067,-0.151],[0,0],[-0.067,-0.109]],"o":[[0,0],[0.169,0],[0.076,-0.109],[-0.168,-0.42],[-0.235,-0.563],[-0.067,-0.151],[-0.084,0],[0,0],[-0.067,0.151],[0.068,0.11]],"v":[[12.137,2.296],[14.382,2.296],[14.748,2.132],[14.736,1.741],[14.13,0.265],[13.474,-1.312],[13.247,-1.539],[13.02,-1.312],[11.758,1.741],[11.758,2.132]],"c":true},"a":0}},{"ty":"sh","nm":"P","ind":8,"ks":{"k":{"i":[[0,-0.168],[0,0],[0.118,-0.117],[0.168,0],[0,0],[0.185,0.102],[0.101,0.135],[0,0],[0.109,-0.025],[0,-0.168],[0,0],[0.118,-0.117],[0.168,0],[0,0],[0.118,0.118],[0,0.169],[0,0],[-0.117,0.118],[-0.168,0],[0,0],[-0.185,-0.092],[-0.101,-0.134],[0,0],[-0.109,0.017],[0,0.168],[0,0],[-0.117,0.118],[-0.168,0],[0,0],[-0.118,-0.117]],"o":[[0,0],[0,0.169],[-0.118,0.118],[0,0],[-0.168,0],[-0.185,-0.101],[0,0],[-0.101,-0.135],[-0.11,0.025],[0,0],[0,0.169],[-0.118,0.118],[0,0],[-0.169,0],[-0.117,-0.117],[0,0],[0,-0.168],[0.118,-0.117],[0,0],[0.168,0],[0.185,0.093],[0,0],[0.101,0.134],[0.109,-0.017],[0,0],[0,-0.168],[0.118,-0.117],[0,0],[0.168,0],[0.118,0.118]],"v":[[42.366,-8.655],[42.366,8.604],[42.189,9.033],[41.76,9.21],[38.034,9.21],[37.504,9.058],[37.079,8.705],[30.506,-0.555],[30.191,-0.719],[30.027,-0.429],[30.027,8.604],[29.85,9.033],[29.417,9.21],[25.641,9.21],[25.207,9.033],[25.031,8.604],[25.031,-8.655],[25.207,-9.084],[25.636,-9.26],[29.421,-9.26],[29.951,-9.122],[30.38,-8.781],[36.94,0.48],[37.256,0.656],[37.42,0.379],[37.42,-8.655],[37.596,-9.084],[38.025,-9.26],[41.76,-9.26],[42.189,-9.084]],"c":true},"a":0}},{"ty":"sh","nm":"P","ind":9,"ks":{"k":{"i":[[0.084,-0.151],[0.588,-0.644],[0.732,-0.454],[0.892,-0.249],[1.076,0],[1.178,0.505],[0.883,0.858],[0.505,1.161],[0,1.312],[-0.504,1.161],[-0.883,0.858],[-1.178,0.505],[-1.346,0],[-0.891,-0.253],[-0.723,-0.454],[-0.58,-0.648],[-0.488,-0.774],[0.051,-0.151],[0.152,-0.067],[0,0],[0.168,0.068],[0.084,0.134],[0.69,0.413],[0.975,0],[0.563,-0.269],[0.42,-0.446],[0.236,-0.593],[0,-0.622],[-0.235,-0.58],[-0.421,-0.437],[-0.564,-0.269],[-0.639,0],[-0.749,0.446],[-0.437,0.706],[-0.159,0.067],[-0.168,-0.068],[0,0],[-0.05,-0.143]],"o":[[-0.488,0.786],[-0.589,0.643],[-0.732,0.45],[-0.892,0.252],[-1.346,0],[-1.178,-0.504],[-0.883,-0.858],[-0.504,-1.16],[0,-1.312],[0.505,-1.161],[0.883,-0.858],[1.178,-0.504],[1.11,0],[0.892,0.252],[0.723,0.455],[0.581,0.648],[0.084,0.135],[-0.05,0.152],[0,0],[-0.168,0.068],[-0.169,-0.067],[-0.488,-0.774],[-0.69,-0.411],[-0.639,0],[-0.564,0.269],[-0.421,0.445],[-0.235,0.589],[0,0.639],[0.236,0.581],[0.42,0.437],[0.563,0.269],[0.925,0],[0.748,-0.446],[0.085,-0.135],[0.16,-0.068],[0,0],[0.152,0.067],[0.051,0.143]],"v":[[63.99,4.315],[62.375,6.464],[60.394,8.108],[57.959,9.16],[55.007,9.538],[51.222,8.781],[48.131,6.737],[46.049,3.709],[45.292,0],[46.049,-3.709],[48.131,-6.737],[51.222,-8.781],[55.007,-9.538],[58.009,-9.159],[60.432,-8.1],[62.387,-6.447],[63.99,-4.315],[64.04,-3.886],[63.737,-3.558],[60.154,-2.145],[59.65,-2.145],[59.271,-2.447],[57.505,-4.227],[55.007,-4.845],[53.203,-4.441],[51.727,-3.364],[50.742,-1.808],[50.389,0.013],[50.742,1.846],[51.727,3.377],[53.203,4.441],[55.007,4.845],[57.518,4.176],[59.296,2.448],[59.662,2.145],[60.154,2.145],[63.737,3.558],[64.04,3.873]],"c":true},"a":0}},{"ty":"sh","nm":"P","ind":10,"ks":{"k":{"i":[[0,-0.168],[0,0],[-0.118,-0.118],[-0.169,0],[0,0],[-0.118,-0.118],[0,-0.168],[0,0],[0.117,-0.118],[0.169,0],[0,0],[0.118,-0.117],[0,-0.168],[0,0],[-0.118,-0.118],[-0.169,0],[0,0],[-0.118,-0.117],[0,-0.168],[0,0],[0.118,-0.117],[0.168,0],[0,0],[0.117,0.118],[0,0.169],[0,0],[-0.118,0.118],[-0.169,0],[0,0],[-0.118,-0.117],[0,-0.168],[0,0],[0.118,-0.118],[0.168,0],[0,0],[0.118,-0.118]],"o":[[0,0],[0,0.168],[0.118,0.118],[0,0],[0.169,0],[0.117,0.118],[0,0],[0,0.168],[-0.118,0.118],[0,0],[-0.169,0],[-0.118,0.118],[0,0],[0,0.168],[0.118,0.118],[0,0],[0.168,0],[0.118,0.118],[0,0],[0,0.169],[-0.118,0.118],[0,0],[-0.169,0],[-0.118,-0.117],[0,0],[0,-0.168],[0.117,-0.117],[0,0],[0.168,0],[0.118,0.118],[0,0],[0,0.168],[-0.118,0.118],[0,0],[-0.169,0],[-0.118,0.118]],"v":[[70.853,-4.012],[70.853,-2.952],[71.03,-2.523],[71.459,-2.346],[78.296,-2.346],[78.726,-2.17],[78.902,-1.741],[78.902,1.741],[78.726,2.17],[78.296,2.347],[71.459,2.347],[71.03,2.523],[70.853,2.952],[70.853,3.911],[71.03,4.34],[71.459,4.517],[79.306,4.517],[79.735,4.693],[79.912,5.122],[79.912,8.604],[79.735,9.033],[79.306,9.21],[66.463,9.21],[66.034,9.033],[65.857,8.604],[65.857,-8.655],[66.034,-9.084],[66.463,-9.26],[79.306,-9.26],[79.735,-9.084],[79.912,-8.655],[79.912,-5.223],[79.735,-4.794],[79.306,-4.617],[71.459,-4.617],[71.03,-4.441]],"c":true},"a":0}},{"ty":"fl","nm":"F","bm":0,"c":{"a":0,"k":[1,1,1,1]},"o":{"a":0,"k":100},"r":1},{"ty":"tr","o":{"a":0,"k":100},"r":{"a":0,"k":0},"p":{"a":0,"k":[925.394,811.259]},"a":{"a":0,"k":[0,0]},"s":{"a":0,"k":[100,100]},"nm":"T","sk":{"a":0,"k":0},"sa":{"a":0,"k":0}}]},{"ty":"gr","nm":"G","bm":0,"it":[{"ty":"sh","nm":"P","ind":0,"ks":{"k":{"i":[[-1.226,0],[0,0],[0,-1.225],[0,0],[1.226,0],[0,0],[0,1.226],[0,0]],"o":[[0,0],[1.226,0],[0,0],[0,1.226],[0,0],[-1.226,0],[0,0],[0,-1.225]],"v":[[-106.084,-25.157],[106.084,-25.157],[108.313,-22.929],[108.313,22.929],[106.084,25.158],[-106.084,25.158],[-108.313,22.929],[-108.313,-22.929]],"c":true},"a":0}},{"ty":"fl","nm":"F","bm":0,"c":{"a":0,"k":[0.52,0.84,0.7813,1]},"o":{"a":0,"k":100},"r":1},{"ty":"tr","o":{"a":0,"k":100},"r":{"a":0,"k":0},"p":{"a":0,"k":[925.394,811.259]},"a":{"a":0,"k":[0,0]},"s":{"a":0,"k":[100,100]},"nm":"T","sk":{"a":0,"k":0},"sa":{"a":0,"k":0}}]},{"ty":"gr","nm":"G","bm":0,"it":[{"ty":"gr","nm":"G","bm":0,"it":[{"ty":"sh","nm":"P","ind":0,"ks":{"k":{"i":[[0,0],[0,0],[0,0],[0,0],[0,0],[0,0],[0,0],[0,0],[0,0],[0,0],[0,0],[0,0]],"o":[[0,0],[0,0],[0,0],[0,0],[0,0],[0,0],[0,0],[0,0],[0,0],[0,0],[0,0],[0,0]],"v":[[22.244,-5.234],[5.234,-5.234],[5.234,-22.244],[-5.234,-22.244],[-5.234,-5.234],[-22.244,-5.234],[-22.244,5.234],[-5.234,5.234],[-5.234,22.244],[5.234,22.244],[5.234,5.234],[22.244,5.234]],"c":true},"a":0}},{"ty":"fl","nm":"F","bm":0,"c":{"a":0,"k":[1,1,1,1]},"o":{"a":0,"k":100},"r":1},{"ty":"tr","o":{"a":0,"k":100},"r":{"a":0,"k":0},"p":{"a":0,"k":[758.65,811.415]},"a":{"a":0,"k":[0,0]},"s":{"a":0,"k":[100,100]},"nm":"T","sk":{"a":0,"k":0},"sa":{"a":0,"k":0}}]},{"ty":"gr","nm":"G","bm":0,"it":[{"ty":"sh","nm":"P","ind":0,"ks":{"k":{"i":[[14.474,0],[0,0],[0,14.474],[0,0],[-14.473,0],[0,0],[0,-14.473],[0,0]],"o":[[0,0],[-14.473,0],[0,0],[0,-14.473],[0,0],[14.474,0],[0,0],[0,14.474]],"v":[[8.187,34.394],[-8.187,34.394],[-34.394,8.187],[-34.394,-8.187],[-8.187,-34.394],[8.187,-34.394],[34.394,-8.187],[34.394,8.187]],"c":true},"a":0}},{"ty":"fl","nm":"F","bm":0,"c":{"a":0,"k":[0.9865,0.6227,0.1135,1]},"o":{"a":0,"k":100},"r":1},{"ty":"tr","o":{"a":0,"k":100},"r":{"a":0,"k":0},"p":{"a":0,"k":[758.65,811.414]},"a":{"a":0,"k":[0,0]},"s":{"a":0,"k":[100,100]},"nm":"T","sk":{"a":0,"k":0},"sa":{"a":0,"k":0}}]},{"ty":"tr","o":{"a":0,"k":100},"r":{"a":0,"k":0},"p":{"a":0,"k":[758.65,811.414]},"a":{"a":0,"k":[758.65,811.414]},"s":{"k":[{"i":{"x":[0.667,0.667],"y":[1,1]},"o":{"x":[0.333,0.333],"y":[0,0]},"t":0,"s":[100,100]},{"i":{"x":[0.667,0.667],"y":[1,1]},"o":{"x":[0.333,0.333],"y":[0,0]},"t":22,"s":[120,120]},{"i":{"x":[0.667,0.667],"y":[1,1]},"o":{"x":[0.333,0.333],"y":[0,0]},"t":45,"s":[100,100]},{"i":{"x":[0.667,0.667],"y":[1,1]},"o":{"x":[0.333,0.333],"y":[0,0]},"t":67,"s":[120,120]},{"i":{"x":[0.667,0.667],"y":[1,1]},"o":{"x":[0.333,0.333],"y":[0,0]},"t":90,"s":[100,100]},{"i":{"x":[0.667,0.667],"y":[1,1]},"o":{"x":[0.333,0.333],"y":[0,0]},"t":112,"s":[120,120]},{"i":{"x":[0.667,0.667],"y":[1,1]},"o":{"x":[0.333,0.333],"y":[0,0]},"t":135,"s":[100,100]},{"i":{"x":[0.667,0.667],"y":[1,1]},"o":{"x":[0.333,0.333],"y":[0,0]},"t":157,"s":[120,120]},{"t":180,"s":[100,100]}],"a":1},"nm":"T","sk":{"a":0,"k":0},"sa":{"a":0,"k":0}}]},{"ty":"gr","nm":"G","bm":0,"it":[{"ty":"sh","nm":"P","ind":0,"ks":{"k":{"i":[[0,0],[0,0],[0,0],[0,0]],"o":[[0,0],[0,0],[0,0],[0,0]],"v":[[65,4.643],[-65,4.643],[-65,-4.643],[65,-4.643]],"c":true},"a":0}},{"ty":"fl","nm":"F","bm":0,"c":{"a":0,"k":[0.721,0.919,0.919,1]},"o":{"a":0,"k":100},"r":1},{"ty":"tr","o":{"a":0,"k":100},"r":{"a":0,"k":0},"p":{"a":0,"k":[970.91,1130.932]},"a":{"a":0,"k":[0,0]},"s":{"a":0,"k":[100,100]},"nm":"T","sk":{"a":0,"k":0},"sa":{"a":0,"k":0}}]},{"ty":"gr","nm":"G","bm":0,"it":[{"ty":"sh","nm":"P","ind":0,"ks":{"k":{"i":[[0,0],[0,0],[0,0],[0,0]],"o":[[0,0],[0,0],[0,0],[0,0]],"v":[[114.678,4.643],[-114.678,4.643],[-114.678,-4.643],[114.678,-4.643]],"c":true},"a":0}},{"ty":"fl","nm":"F","bm":0,"c":{"a":0,"k":[0.721,0.919,0.919,1]},"o":{"a":0,"k":100},"r":1},{"ty":"tr","o":{"a":0,"k":100},"r":{"a":0,"k":0},"p":{"a":0,"k":[921.231,1108.646]},"a":{"a":0,"k":[0,0]},"s":{"a":0,"k":[100,100]},"nm":"T","sk":{"a":0,"k":0},"sa":{"a":0,"k":0}}]},{"ty":"gr","nm":"G","bm":0,"it":[{"ty":"sh","nm":"P","ind":0,"ks":{"k":{"i":[[0,0],[0,0],[0,0],[0,0]],"o":[[0,0],[0,0],[0,0],[0,0]],"v":[[20.892,4.643],[-20.893,4.643],[-20.893,-4.643],[20.892,-4.643]],"c":true},"a":0}},{"ty":"fl","nm":"F","bm":0,"c":{"a":0,"k":[0.721,0.919,0.919,1]},"o":{"a":0,"k":100},"r":1},{"ty":"tr","o":{"a":0,"k":100},"r":{"a":0,"k":0},"p":{"a":0,"k":[827.447,1087.754]},"a":{"a":0,"k":[0,0]},"s":{"a":0,"k":[100,100]},"nm":"T","sk":{"a":0,"k":0},"sa":{"a":0,"k":0}}]},{"ty":"gr","nm":"G","bm":0,"it":[{"ty":"sh","nm":"P","ind":0,"ks":{"k":{"i":[[0,0],[0,0],[0,0],[0,0]],"o":[[0,0],[0,0],[0,0],[0,0]],"v":[[65,4.643],[-65,4.643],[-65,-4.643],[65,-4.643]],"c":true},"a":0}},{"ty":"fl","nm":"F","bm":0,"c":{"a":0,"k":[0.721,0.919,0.919,1]},"o":{"a":0,"k":100},"r":1},{"ty":"tr","o":{"a":0,"k":100},"r":{"a":0,"k":0},"p":{"a":0,"k":[871.553,1032.04]},"a":{"a":0,"k":[0,0]},"s":{"a":0,"k":[100,100]},"nm":"T","sk":{"a":0,"k":0},"sa":{"a":0,"k":0}}]},{"ty":"gr","nm":"G","bm":0,"it":[{"ty":"sh","nm":"P","ind":0,"ks":{"k":{"i":[[0,0],[0,0],[0,0],[0,0]],"o":[[0,0],[0,0],[0,0],[0,0]],"v":[[114.678,4.643],[-114.678,4.643],[-114.678,-4.643],[114.678,-4.643]],"c":true},"a":0}},{"ty":"fl","nm":"F","bm":0,"c":{"a":0,"k":[0.721,0.919,0.919,1]},"o":{"a":0,"k":100},"r":1},{"ty":"tr","o":{"a":0,"k":100},"r":{"a":0,"k":0},"p":{"a":0,"k":[921.231,1009.754]},"a":{"a":0,"k":[0,0]},"s":{"a":0,"k":[100,100]},"nm":"T","sk":{"a":0,"k":0},"sa":{"a":0,"k":0}}]},{"ty":"gr","nm":"G","bm":0,"it":[{"ty":"sh","nm":"P","ind":0,"ks":{"k":{"i":[[0,0],[0,0],[0,0],[0,0]],"o":[[0,0],[0,0],[0,0],[0,0]],"v":[[85.892,4.643],[-85.892,4.643],[-85.892,-4.643],[85.892,-4.643]],"c":true},"a":0}},{"ty":"fl","nm":"F","bm":0,"c":{"a":0,"k":[0.721,0.919,0.919,1]},"o":{"a":0,"k":100},"r":1},{"ty":"tr","o":{"a":0,"k":100},"r":{"a":0,"k":0},"p":{"a":0,"k":[892.446,988.861]},"a":{"a":0,"k":[0,0]},"s":{"a":0,"k":[100,100]},"nm":"T","sk":{"a":0,"k":0},"sa":{"a":0,"k":0}}]},{"ty":"gr","nm":"G","bm":0,"it":[{"ty":"sh","nm":"P","ind":0,"ks":{"k":{"i":[[0,0],[0,0],[0,0],[0,0]],"o":[[0,0],[0,0],[0,0],[0,0]],"v":[[114.678,4.643],[-114.678,4.643],[-114.678,-4.643],[114.678,-4.643]],"c":true},"a":0}},{"ty":"fl","nm":"F","bm":0,"c":{"a":0,"k":[0.721,0.919,0.919,1]},"o":{"a":0,"k":100},"r":1},{"ty":"tr","o":{"a":0,"k":100},"r":{"a":0,"k":0},"p":{"a":0,"k":[921.231,933.148]},"a":{"a":0,"k":[0,0]},"s":{"a":0,"k":[100,100]},"nm":"T","sk":{"a":0,"k":0},"sa":{"a":0,"k":0}}]},{"ty":"gr","nm":"G","bm":0,"it":[{"ty":"sh","nm":"P","ind":0,"ks":{"k":{"i":[[0,0],[0,0],[0,0],[0,0]],"o":[[0,0],[0,0],[0,0],[0,0]],"v":[[114.678,4.643],[-114.678,4.643],[-114.678,-4.643],[114.678,-4.643]],"c":true},"a":0}},{"ty":"fl","nm":"F","bm":0,"c":{"a":0,"k":[0.721,0.919,0.919,1]},"o":{"a":0,"k":100},"r":1},{"ty":"tr","o":{"a":0,"k":100},"r":{"a":0,"k":0},"p":{"a":0,"k":[921.231,910.862]},"a":{"a":0,"k":[0,0]},"s":{"a":0,"k":[100,100]},"nm":"T","sk":{"a":0,"k":0},"sa":{"a":0,"k":0}}]},{"ty":"gr","nm":"G","bm":0,"it":[{"ty":"sh","nm":"P","ind":0,"ks":{"k":{"i":[[0,0],[0,0],[0,0],[0,0]],"o":[[0,0],[0,0],[0,0],[0,0]],"v":[[33.776,4.643],[-33.776,4.643],[-33.776,-4.643],[33.776,-4.643]],"c":true},"a":0}},{"ty":"fl","nm":"F","bm":0,"c":{"a":0,"k":[0.721,0.919,0.919,1]},"o":{"a":0,"k":100},"r":1},{"ty":"tr","o":{"a":0,"k":100},"r":{"a":0,"k":0},"p":{"a":0,"k":[840.331,889.969]},"a":{"a":0,"k":[0,0]},"s":{"a":0,"k":[100,100]},"nm":"T","sk":{"a":0,"k":0},"sa":{"a":0,"k":0}}]},{"ty":"gr","nm":"G","bm":0,"it":[{"ty":"sh","nm":"P","ind":0,"ks":{"k":{"i":[[0,0],[0,0],[0,0],[0,0]],"o":[[0,0],[0,0],[0,0],[0,0]],"v":[[-35.518,12.652],[-14.857,34.473],[35.517,-34.473],[-15.148,23.737]],"c":true},"a":0}},{"ty":"fl","nm":"F","bm":0,"c":{"a":0,"k":[1,0.6,0.04,1]},"o":{"a":0,"k":100},"r":1},{"ty":"tr","o":{"a":1,"k":[{"i":{"x":[0.667],"y":[1]},"o":{"x":[0.333],"y":[0]},"t":70,"s":[0]},{"i":{"x":[0.667],"y":[1]},"o":{"x":[0.333],"y":[0]},"t":80,"s":[100]},{"i":{"x":[0.667],"y":[1]},"o":{"x":[0.333],"y":[0]},"t":160,"s":[100]},{"t":170,"s":[0]}]},"r":{"a":0,"k":0},"p":{"a":0,"k":[772.893,1092.977]},"a":{"a":0,"k":[0,0]},"s":{"a":0,"k":[100,100]},"nm":"T","sk":{"a":0,"k":0},"sa":{"a":0,"k":0}}]},{"ty":"gr","nm":"G","bm":0,"it":[{"ty":"sh","nm":"P","ind":0,"ks":{"k":{"i":[[6.125,0],[0,0],[0,6.125],[0,0],[-6.125,0],[0,0],[0,-6.125],[0,0]],"o":[[0,0],[-6.125,0],[0,0],[0,-6.125],[0,0],[6.125,0],[0,0],[0,6.125]],"v":[[18.16,29.25],[-18.16,29.25],[-29.25,18.16],[-29.25,-18.16],[-18.16,-29.25],[18.16,-29.25],[29.25,-18.16],[29.25,18.16]],"c":true},"a":0}},{"ty":"st","nm":"S","bm":0,"lc":1,"lj":1,"ml":10,"o":{"a":0,"k":100},"w":{"a":0,"k":5},"c":{"a":0,"k":[0.721,0.919,0.919,1]}},{"ty":"tr","o":{"a":0,"k":100},"r":{"a":0,"k":0},"p":{"a":0,"k":[759.371,1111.954]},"a":{"a":0,"k":[0,0]},"s":{"a":0,"k":[100,100]},"nm":"T","sk":{"a":0,"k":0},"sa":{"a":0,"k":0}}]},{"ty":"gr","nm":"G","bm":0,"it":[{"ty":"sh","nm":"P","ind":0,"ks":{"k":{"i":[[0,0],[0,0],[0,0],[0,0]],"o":[[0,0],[0,0],[0,0],[0,0]],"v":[[-35.518,12.652],[-14.857,34.473],[35.517,-34.473],[-15.148,23.737]],"c":true},"a":0}},{"ty":"fl","nm":"F","bm":0,"c":{"a":0,"k":[1,0.6,0.04,1]},"o":{"a":0,"k":100},"r":1},{"ty":"tr","o":{"a":1,"k":[{"i":{"x":[0.667],"y":[1]},"o":{"x":[0.333],"y":[0]},"t":50,"s":[0]},{"i":{"x":[0.667],"y":[1]},"o":{"x":[0.333],"y":[0]},"t":60,"s":[100]},{"i":{"x":[0.667],"y":[1]},"o":{"x":[0.333],"y":[0]},"t":160,"s":[100]},{"t":170,"s":[0]}]},"r":{"a":0,"k":0},"p":{"a":0,"k":[772.893,994.084]},"a":{"a":0,"k":[0,0]},"s":{"a":0,"k":[100,100]},"nm":"T","sk":{"a":0,"k":0},"sa":{"a":0,"k":0}}]},{"ty":"gr","nm":"G","bm":0,"it":[{"ty":"sh","nm":"P","ind":0,"ks":{"k":{"i":[[6.125,0],[0,0],[0,6.125],[0,0],[-6.125,0],[0,0],[0,-6.124],[0,0]],"o":[[0,0],[-6.125,0],[0,0],[0,-6.124],[0,0],[6.125,0],[0,0],[0,6.125]],"v":[[18.16,29.25],[-18.16,29.25],[-29.25,18.16],[-29.25,-18.16],[-18.16,-29.25],[18.16,-29.25],[29.25,-18.16],[29.25,18.16]],"c":true},"a":0}},{"ty":"st","nm":"S","bm":0,"lc":1,"lj":1,"ml":10,"o":{"a":0,"k":100},"w":{"a":0,"k":5},"c":{"a":0,"k":[0.721,0.919,0.919,1]}},{"ty":"tr","o":{"a":0,"k":100},"r":{"a":0,"k":0},"p":{"a":0,"k":[759.371,1013.062]},"a":{"a":0,"k":[0,0]},"s":{"a":0,"k":[100,100]},"nm":"T","sk":{"a":0,"k":0},"sa":{"a":0,"k":0}}]},{"ty":"gr","nm":"G","bm":0,"it":[{"ty":"sh","nm":"P","ind":0,"ks":{"k":{"i":[[0,0],[0,0],[0,0],[0,0]],"o":[[0,0],[0,0],[0,0],[0,0]],"v":[[-35.518,12.652],[-14.857,34.473],[35.517,-34.473],[-15.148,23.737]],"c":true},"a":0}},{"ty":"fl","nm":"F","bm":0,"c":{"a":0,"k":[1,0.6,0.04,1]},"o":{"a":0,"k":100},"r":1},{"ty":"tr","o":{"a":1,"k":[{"i":{"x":[0.667],"y":[1]},"o":{"x":[0.333],"y":[0]},"t":30,"s":[0]},{"i":{"x":[0.667],"y":[1]},"o":{"x":[0.333],"y":[0]},"t":40,"s":[100]},{"i":{"x":[0.667],"y":[1]},"o":{"x":[0.333],"y":[0]},"t":160,"s":[100]},{"t":170,"s":[0]}]},"r":{"a":0,"k":0},"p":{"a":0,"k":[772.893,895.192]},"a":{"a":0,"k":[0,0]},"s":{"a":0,"k":[100,100]},"nm":"T","sk":{"a":0,"k":0},"sa":{"a":0,"k":0}}]},{"ty":"gr","nm":"G","bm":0,"it":[{"ty":"sh","nm":"P","ind":0,"ks":{"k":{"i":[[6.125,0],[0,0],[0,6.125],[0,0],[-6.125,0],[0,0],[0,-6.125],[0,0]],"o":[[0,0],[-6.125,0],[0,0],[0,-6.125],[0,0],[6.125,0],[0,0],[0,6.125]],"v":[[18.16,29.25],[-18.16,29.25],[-29.25,18.16],[-29.25,-18.16],[-18.16,-29.25],[18.16,-29.25],[29.25,-18.16],[29.25,18.16]],"c":true},"a":0}},{"ty":"st","nm":"S","bm":0,"lc":1,"lj":1,"ml":10,"o":{"a":0,"k":100},"w":{"a":0,"k":5},"c":{"a":0,"k":[0.721,0.919,0.919,1]}},{"ty":"tr","o":{"a":0,"k":100},"r":{"a":0,"k":0},"p":{"a":0,"k":[759.371,914.17]},"a":{"a":0,"k":[0,0]},"s":{"a":0,"k":[100,100]},"nm":"T","sk":{"a":0,"k":0},"sa":{"a":0,"k":0}}]},{"ty":"gr","nm":"G","bm":0,"it":[{"ty":"sh","nm":"P","ind":0,"ks":{"k":{"i":[[0,0],[0,0],[0,0],[0,0],[0,0],[0,0],[0,0],[0,0],[0,0],[0,0]],"o":[[0,0],[0,0],[0,0],[0,0],[0,0],[0,0],[0,0],[0,0],[0,0],[0,0]],"v":[[2.815,-27.393],[-10.244,-27.393],[-10.244,-20.951],[-10.244,-19.006],[-4.034,-19.006],[-4.034,-20.951],[2.815,-20.951],[2.815,27.393],[10.243,27.393],[10.243,-27.393]],"c":true},"a":0}},{"ty":"fl","nm":"F","bm":0,"c":{"a":0,"k":[0.3404,0.5796,0.5357,1]},"o":{"a":0,"k":100},"r":1},{"ty":"tr","o":{"a":0,"k":100},"r":{"a":0,"k":0},"p":{"a":0,"k":[785.632,717.982]},"a":{"a":0,"k":[0,0]},"s":{"a":0,"k":[100,100]},"nm":"T","sk":{"a":0,"k":0},"sa":{"a":0,"k":0}}]},{"ty":"gr","nm":"G","bm":0,"it":[{"ty":"sh","nm":"P","ind":0,"ks":{"k":{"i":[[0,0],[0,0],[0,0],[0,0]],"o":[[0,0],[0,0],[0,0],[0,0]],"v":[[28.438,10.447],[-28.438,10.447],[-28.438,-9.053],[28.438,-9.053]],"c":true},"a":0}},{"ty":"sh","nm":"P","ind":1,"ks":{"k":{"i":[[0,0],[0,0],[0,0],[0,0]],"o":[[0,0],[0,0],[0,0],[0,0]],"v":[[-38.768,14.625],[38.767,14.625],[38.767,-14.625],[-38.768,-14.625]],"c":true},"a":0}},{"ty":"fl","nm":"F","bm":0,"c":{"a":0,"k":[0.406,0.714,0.6575,1]},"o":{"a":0,"k":100},"r":1},{"ty":"tr","o":{"a":0,"k":100},"r":{"a":0,"k":0},"p":{"a":0,"k":[884.786,675.964]},"a":{"a":0,"k":[0,0]},"s":{"a":0,"k":[100,100]},"nm":"T","sk":{"a":0,"k":0},"sa":{"a":0,"k":0}}]},{"ty":"gr","nm":"G","bm":0,"it":[{"ty":"sh","nm":"P","ind":0,"ks":{"k":{"i":[[0,0],[0,0],[0,0],[0,0]],"o":[[0,0],[0,0],[0,0],[0,0]],"v":[[28.438,10.447],[-28.438,10.447],[-28.438,-9.053],[28.438,-9.053]],"c":true},"a":0}},{"ty":"sh","nm":"P","ind":1,"ks":{"k":{"i":[[0,0],[0,0],[0,0],[0,0]],"o":[[0,0],[0,0],[0,0],[0,0]],"v":[[-38.768,14.625],[38.767,14.625],[38.767,-14.625],[-38.768,-14.625]],"c":true},"a":0}},{"ty":"fl","nm":"F","bm":0,"c":{"a":0,"k":[0.3404,0.5796,0.5357,1]},"o":{"a":0,"k":100},"r":1},{"ty":"tr","o":{"a":0,"k":100},"r":{"a":0,"k":0},"p":{"a":0,"k":[879.214,675.964]},"a":{"a":0,"k":[0,0]},"s":{"a":0,"k":[100,100]},"nm":"T","sk":{"a":0,"k":0},"sa":{"a":0,"k":0}}]},{"ty":"gr","nm":"G","bm":0,"it":[{"ty":"sh","nm":"P","ind":0,"ks":{"k":{"i":[[0,0],[0,0],[0,0],[0,0]],"o":[[0,0],[0,0],[0,0],[0,0]],"v":[[88.91,27.393],[-88.91,27.393],[-88.91,-27.392],[88.91,-27.392]],"c":true},"a":0}},{"ty":"fl","nm":"F","bm":0,"c":{"a":0,"k":[0.406,0.714,0.6575,1]},"o":{"a":0,"k":100},"r":1},{"ty":"tr","o":{"a":0,"k":100},"r":{"a":0,"k":0},"p":{"a":0,"k":[884.785,717.982]},"a":{"a":0,"k":[0,0]},"s":{"a":0,"k":[100,100]},"nm":"T","sk":{"a":0,"k":0},"sa":{"a":0,"k":0}}]},{"ty":"gr","nm":"G","bm":0,"it":[{"ty":"sh","nm":"P","ind":0,"ks":{"k":{"i":[[0,0],[0,0],[0,0],[0,0]],"o":[[0,0],[0,0],[0,0],[0,0]],"v":[[-185.248,-275.784],[185.249,-275.784],[185.249,275.784],[-185.248,275.784]],"c":true},"a":0}},{"ty":"fl","nm":"F","bm":0,"c":{"a":0,"k":[1,1,1,1]},"o":{"a":0,"k":100},"r":1},{"ty":"tr","o":{"a":0,"k":100},"r":{"a":0,"k":0},"p":{"a":0,"k":[878.981,985.873]},"a":{"a":0,"k":[0,0]},"s":{"a":0,"k":[100,100]},"nm":"T","sk":{"a":0,"k":0},"sa":{"a":0,"k":0}}]},{"ty":"gr","nm":"G","bm":0,"it":[{"ty":"sh","nm":"P","ind":0,"ks":{"k":{"i":[[7.496,0],[0,0],[0,7.496],[0,0],[-7.496,0],[0,0],[0,-7.497],[0,0]],"o":[[0,0],[-7.496,0],[0,0],[0,-7.497],[0,0],[7.496,0],[0,0],[0,7.496]],"v":[[189.782,293.891],[-189.783,293.891],[-203.356,280.318],[-203.356,-280.317],[-189.783,-293.891],[189.782,-293.891],[203.355,-280.317],[203.355,280.318]],"c":true},"a":0}},{"ty":"fl","nm":"F","bm":0,"c":{"a":0,"k":[0.0941,0.2941,0.251,1]},"o":{"a":0,"k":100},"r":1},{"ty":"tr","o":{"a":0,"k":100},"r":{"a":0,"k":0},"p":{"a":0,"k":[880.681,992.837]},"a":{"a":0,"k":[0,0]},"s":{"a":0,"k":[100,100]},"nm":"T","sk":{"a":0,"k":0},"sa":{"a":0,"k":0}}]}],"ip":0,"op":180,"st":0,"ty":4},{"ind":4,"nm":"B","sr":1,"ks":{"o":{"a":0,"k":100},"r":{"a":0,"k":0},"p":{"a":0,"k":[768.02,1290.53,0]},"a":{"a":0,"k":[768.02,1290.53,0]},"s":{"k":[{"i":{"x":[0.667,0.667,0.667],"y":[1,1,1]},"o":{"x":[0.333,0.333,0.333],"y":[0,0,0]},"t":0,"s":[100,100,100]},{"i":{"x":[0.667,0.667,0.667],"y":[1,1,1]},"o":{"x":[0.333,0.333,0.333],"y":[0,0,0]},"t":90,"s":[120,120,100]},{"t":180,"s":[100,100,100]}],"a":1}},"shapes":[{"ty":"gr","nm":"G","bm":0,"it":[{"ty":"sh","nm":"P","ind":0,"ks":{"k":{"i":[[0,0],[0,0],[0,0],[0,0],[0,0],[0,0],[0,0],[0,0],[0,0],[0,0],[0,0],[0,0]],"o":[[0,0],[0,0],[0,0],[0,0],[0,0],[0,0],[0,0],[0,0],[0,0],[0,0],[0,0],[0,0]],"v":[[58.737,-16.21],[16.199,-16.21],[16.199,-58.738],[-16.21,-58.738],[-16.21,-16.21],[-58.738,-16.21],[-58.738,16.188],[-16.21,16.188],[-16.21,58.737],[16.199,58.737],[16.199,16.188],[58.737,16.188]],"c":true},"a":0}},{"ty":"fl","nm":"F","bm":0,"c":{"a":0,"k":[0.9529,0.9804,0.9804,1]},"o":{"a":0,"k":100},"r":1},{"ty":"tr","o":{"a":0,"k":100},"r":{"a":0,"k":0},"p":{"a":0,"k":[601.396,1168.327]},"a":{"a":0,"k":[0,0]},"s":{"a":0,"k":[100,100]},"nm":"T","sk":{"a":0,"k":0},"sa":{"a":0,"k":0}}]},{"ty":"gr","nm":"G","bm":0,"it":[{"ty":"sh","nm":"P","ind":0,"ks":{"k":{"i":[[-15.008,0.063],[0,0],[-1.912,-14.546],[0,0]],"o":[[0,0],[15.07,0.063],[0,0],[1.921,-14.546]],"v":[[-19.239,-121.964],[19.22,-121.964],[48.435,-96.16],[-48.423,-96.16]],"c":true},"a":0}},{"ty":"sh","nm":"P","ind":1,"ks":{"k":{"i":[[26.811,0],[0,0],[23.8,0],[0,0],[1.929,-23.297],[0,0],[0,-26.872],[0,0],[-26.852,0],[0,0],[0,26.832],[0,0]],"o":[[0,0],[-1.951,-23.297],[0,0],[-23.781,0],[0,0],[-26.852,0],[0,0],[0,26.832],[0,0],[26.811,0],[0,0],[0,-26.872]],"v":[[109.411,-96.16],[64.233,-96.16],[19.22,-137.783],[-19.239,-137.783],[-64.201,-96.16],[-109.369,-96.16],[-157.989,-47.531],[-157.989,89.153],[-109.369,137.782],[109.411,137.782],[157.989,89.153],[157.989,-47.531]],"c":true},"a":0}},{"ty":"fl","nm":"F","bm":0,"c":{"a":0,"k":[0.4524,0.8076,0.7425,1]},"o":{"a":0,"k":100},"r":1},{"ty":"tr","o":{"a":0,"k":100},"r":{"a":0,"k":0},"p":{"a":0,"k":[601.385,1147.525]},"a":{"a":0,"k":[0,0]},"s":{"a":0,"k":[100,100]},"nm":"T","sk":{"a":0,"k":0},"sa":{"a":0,"k":0}}]}],"ip":0,"op":180,"st":0,"ty":4},{"ind":5,"nm":"M","sr":1,"ks":{"o":{"a":0,"k":100},"r":{"a":0,"k":0},"p":{"k":[{"i":{"x":0.667,"y":1},"o":{"x":0.333,"y":0},"t":0,"s":[1002.02,780.53,0],"ti":[0,0,0],"to":[5.667,0,0]},{"i":{"x":0.667,"y":1},"o":{"x":0.333,"y":0},"t":90,"s":[1036.02,780.53,0],"ti":[5.667,0,0],"to":[0,0,0]},{"t":180,"s":[1002.02,780.53,0]}],"a":1},"a":{"a":0,"k":[1002.02,780.53,0]},"s":{"a":0,"k":[100,100,100]}},"shapes":[{"ty":"gr","nm":"G","bm":0,"it":[{"ty":"sh","nm":"P","ind":0,"ks":{"k":{"i":[[0,8.039],[7.676,0],[0,-8.038],[-7.675,0]],"o":[[0,-8.038],[-7.675,0],[0,8.039],[7.676,0]],"v":[[13.898,0],[0,-14.555],[-13.898,0],[0,14.555]],"c":true},"a":0}},{"ty":"fl","nm":"F","bm":0,"c":{"a":0,"k":[0.0975,0.2025,0.1797,1]},"o":{"a":0,"k":100},"r":1},{"ty":"tr","o":{"a":0,"k":100},"r":{"a":0,"k":0},"p":{"a":0,"k":[1187.773,1179.994]},"a":{"a":0,"k":[0,0]},"s":{"a":0,"k":[100,100]},"nm":"T","sk":{"a":0,"k":0},"sa":{"a":0,"k":0}}]},{"ty":"gr","nm":"G","bm":0,"it":[{"ty":"sh","nm":"P","ind":0,"ks":{"k":{"i":[[0,47.871],[28.428,0],[0,-47.871],[-28.428,0]],"o":[[0,-47.871],[-28.428,0],[0,47.871],[28.428,0]],"v":[[51.474,0],[0.001,-86.678],[-51.473,0],[0.001,86.678]],"c":true},"a":0}},{"ty":"fl","nm":"F","bm":0,"c":{"a":0,"k":[0.9345,0.9655,0.9655,1]},"o":{"a":0,"k":100},"r":1},{"ty":"tr","o":{"a":0,"k":100},"r":{"a":0,"k":0},"p":{"a":0,"k":[1188.03,1179.09]},"a":{"a":0,"k":[0,0]},"s":{"a":0,"k":[100,100]},"nm":"T","sk":{"a":0,"k":0},"sa":{"a":0,"k":0}}]},{"ty":"gr","nm":"G","bm":0,"it":[{"ty":"sh","nm":"P","ind":0,"ks":{"k":{"i":[[0,56.629],[38.473,0],[0,-56.629],[-38.472,0]],"o":[[0,-56.629],[-38.472,0],[0,56.629],[38.473,0]],"v":[[69.661,0],[0,-102.536],[-69.661,0],[0,102.536]],"c":true},"a":0}},{"ty":"st","nm":"S","bm":0,"lc":1,"lj":1,"ml":10,"o":{"a":0,"k":100},"w":{"a":0,"k":10.271},"c":{"a":0,"k":[0.0975,0.2025,0.1797,1]}},{"ty":"tr","o":{"a":0,"k":100},"r":{"a":0,"k":0},"p":{"a":0,"k":[1187.773,1179.995]},"a":{"a":0,"k":[0,0]},"s":{"a":0,"k":[100,100]},"nm":"T","sk":{"a":0,"k":0},"sa":{"a":0,"k":0}}]},{"ty":"gr","nm":"G","bm":0,"it":[{"ty":"sh","nm":"P","ind":0,"ks":{"k":{"i":[[0,0],[0,0],[0,0],[0,0],[0,-4.656]],"o":[[0,0],[0,0],[0,0],[4.656,0],[0,0]],"v":[[50.073,6.191],[-50.073,6.191],[-50.073,-6.191],[41.642,-6.191],[50.073,2.239]],"c":true},"a":0}},{"ty":"fl","nm":"F","bm":0,"c":{"a":0,"k":[0.0975,0.2025,0.1797,1]},"o":{"a":0,"k":100},"r":1},{"ty":"tr","o":{"a":0,"k":100},"r":{"a":0,"k":0},"p":{"a":0,"k":[1216.361,1030.825]},"a":{"a":0,"k":[0,0]},"s":{"a":0,"k":[100,100]},"nm":"T","sk":{"a":0,"k":0},"sa":{"a":0,"k":0}}]},{"ty":"gr","nm":"G","bm":0,"it":[{"ty":"gr","nm":"G","bm":0,"it":[{"ty":"gr","nm":"G","bm":0,"it":[{"ty":"sh","nm":"P","ind":0,"ks":{"k":{"i":[[-6.007,0.658],[-2.36,-0.583],[0,0],[-0.038,-0.854],[1.344,1.218],[0.832,0.38],[1.138,0.074],[0.041,-1.514],[-1.201,-0.112],[-0.873,-0.627],[0.795,-0.473],[1.334,0.123],[1.834,0.474],[0,0],[0,0]],"o":[[6.007,-0.659],[2.36,0.583],[0,0],[0.037,0.854],[-1.344,-1.218],[-0.833,-0.381],[-1.137,-0.074],[-0.041,1.515],[1.201,0.111],[0.872,0.628],[-0.796,0.473],[-1.334,-0.124],[-1.833,-0.473],[0,0],[0,0]],"v":[[-6.13,-7.326],[10.38,-7.862],[20.348,-3.052],[25.529,4.717],[21.86,4.377],[16.824,-0.523],[8.644,-2.102],[2.928,1.348],[6.994,4.094],[11.828,5.452],[12.147,7.972],[3.298,8.125],[-7.873,3.66],[-25.534,3.802],[-25.565,-8.336]],"c":true},"a":0}},{"ty":"fl","nm":"F","bm":0,"c":{"a":0,"k":[0.9677,0.8363,0.6523,1]},"o":{"a":0,"k":100},"r":1},{"ty":"tr","o":{"a":0,"k":100},"r":{"a":0,"k":0},"p":{"a":0,"k":[1410.063,1020.955]},"a":{"a":0,"k":[0,0]},"s":{"a":0,"k":[100,100]},"nm":"T","sk":{"a":0,"k":0},"sa":{"a":0,"k":0}}]},{"ty":"gr","nm":"G","bm":0,"it":[{"ty":"sh","nm":"P","ind":0,"ks":{"k":{"i":[[0,0],[21.612,1.743],[-7.296,-11.043],[-4.404,-0.427],[-8.944,0.047],[-3.724,-0.695]],"o":[[-4.199,0.553],[-12.358,-5.724],[3.197,3.171],[8.908,0.862],[9.227,-0.048],[0,0]],"v":[[50.829,5.857],[-28.496,-10.301],[-43.533,11.065],[-29.926,15.163],[-3.035,15.831],[49.398,15.799]],"c":true},"a":0}},{"ty":"fl","nm":"F","bm":0,"c":{"a":0,"k":[0.9677,0.8363,0.6523,1]},"o":{"a":0,"k":100},"r":1},{"ty":"tr","o":{"a":0,"k":100},"r":{"a":0,"k":0},"p":{"a":0,"k":[1354.047,1009.257]},"a":{"a":0,"k":[0,0]},"s":{"a":0,"k":[100,100]},"nm":"T","sk":{"a":0,"k":0},"sa":{"a":0,"k":0}}]},{"ty":"gr","nm":"G","bm":0,"it":[{"ty":"sh","nm":"P","ind":0,"ks":{"k":{"i":[[0,0],[-1.385,-0.129],[-1.047,-0.633],[-0.725,-0.383],[-0.238,0.529],[0,0],[0,0],[0.36,-0.093],[0,0]],"o":[[0,0],[1.384,0.128],[1.047,0.633],[0.726,0.382],[0.351,-0.779],[0,0],[0,0],[-0.361,0.093],[0,0]],"v":[[-9.025,-0.041],[-3.156,-1.199],[3.393,0.258],[8.956,4.839],[11.656,5.089],[7.32,-1.049],[-1.115,-5.611],[-7,-5.526],[-12.006,-3.342]],"c":false},"a":0}},{"ty":"fl","nm":"F","bm":0,"c":{"a":0,"k":[0.9875,0.7896,0.5125,1]},"o":{"a":0,"k":100},"r":1},{"ty":"tr","o":{"a":0,"k":100},"r":{"a":0,"k":0},"p":{"a":0,"k":[1418.774,1021.811]},"a":{"a":0,"k":[0,0]},"s":{"a":0,"k":[100,100]},"nm":"T","sk":{"a":0,"k":0},"sa":{"a":0,"k":0}}]},{"ty":"tr","o":{"a":0,"k":100},"r":{"a":1,"k":[{"i":{"x":[0.667],"y":[1]},"o":{"x":[0.333],"y":[0]},"t":0,"s":[0]},{"i":{"x":[0.667],"y":[1]},"o":{"x":[0.333],"y":[0]},"t":90,"s":[-17]},{"t":180,"s":[0]}]},"p":{"a":0,"k":[1310.815,1012.492]},"a":{"a":0,"k":[1310.815,1012.492]},"s":{"a":0,"k":[100,100]},"nm":"T","sk":{"a":0,"k":0},"sa":{"a":0,"k":0}}]},{"ty":"gr","nm":"G","bm":0,"it":[{"ty":"sh","nm":"P","ind":0,"ks":{"k":{"i":[[6.247,-20.916],[0,0],[-5.139,-2.036],[-10.203,2.904],[0,0],[0,0],[0,0],[3.732,21.277],[2.487,-0.359]],"o":[[-8.372,27.971],[0,0],[4.787,1.904],[0,0],[0.642,0.019],[0,0],[7.147,-20.594],[-0.393,-2.242],[-10.162,1.467]],"v":[[-17.853,-15.358],[-31.842,35.169],[-24.236,39.221],[15.037,40.854],[15.058,40.854],[16.943,40.91],[22.932,23.654],[28.11,-40.004],[22.86,-43.4]],"c":true},"a":0}},{"ty":"fl","nm":"F","bm":0,"c":{"a":0,"k":[1,1,1,1]},"o":{"a":0,"k":100},"r":1},{"ty":"tr","o":{"a":0,"k":100},"r":{"a":0,"k":0},"p":{"a":0,"k":[1203.995,927.816]},"a":{"a":0,"k":[0,0]},"s":{"a":0,"k":[100,100]},"nm":"T","sk":{"a":0,"k":0},"sa":{"a":0,"k":0}}]},{"ty":"gr","nm":"G","bm":0,"it":[{"ty":"sh","nm":"P","ind":0,"ks":{"k":{"i":[[-5.503,7.651],[-6.145,14.321],[5.963,0.911],[9.132,-12.587],[-9.107,-20.256]],"o":[[7.925,-16.85],[15.199,-35.418],[-5.964,-0.911],[-7.961,10.975],[2.4,5.979]],"v":[[-10.461,49.631],[22.285,-21.312],[19.328,-60.838],[-3.491,-47.589],[-28.376,55.77]],"c":true},"a":0}},{"ty":"fl","nm":"F","bm":0,"c":{"a":0,"k":[0.9677,0.8363,0.6523,1]},"o":{"a":0,"k":100},"r":1},{"ty":"tr","o":{"a":0,"k":100},"r":{"a":0,"k":0},"p":{"a":0,"k":[1196.571,968.771]},"a":{"a":0,"k":[0,0]},"s":{"a":0,"k":[100,100]},"nm":"T","sk":{"a":0,"k":0},"sa":{"a":0,"k":0}}]},{"ty":"gr","nm":"G","bm":0,"it":[{"ty":"sh","nm":"P","ind":0,"ks":{"k":{"i":[[0,0],[-0.238,0.854],[0,0],[-0.379,0.706],[0.177,1.251],[0.954,-0.682],[0.659,-0.4],[1.013,-0.1],[0.29,0.144],[-1.838,0.478],[-1.334,0.816],[0.348,0.211],[1.978,-0.425],[2.261,-0.319],[2.418,-1.59],[2.842,-1.804],[27.799,-4.789],[-4.421,-21.026],[-43.947,18.2],[-0.901,0.167],[0.019,0.114],[0.004,0.213],[-1.295,-0.023],[-1.37,0.243],[0,0],[-1.051,2.477]],"o":[[0,0],[0.38,-1.361],[0,0],[1.565,-2.91],[-0.042,-0.289],[-1.889,1.35],[-0.992,0.601],[-1.014,0.1],[-0.29,-0.143],[1.839,-0.478],[1.334,-0.817],[-0.347,-0.211],[-1.979,0.425],[-2.261,0.319],[-1.959,1.289],[-3.801,1.925],[-16.85,-0.364],[4.304,10.724],[0.944,-0.203],[0.194,0.311],[-0.035,-0.221],[2.114,-0.381],[5.487,0.095],[3.674,-0.652],[1.133,-0.549],[0.41,-0.965]],"v":[[67.662,-16.287],[68.755,-18.616],[68.687,-21.04],[69.463,-22.31],[72.285,-28.01],[70.039,-27.495],[65.167,-23.011],[59.909,-21.39],[53.042,-20.225],[55.947,-21.356],[60.88,-23.497],[62.127,-25.899],[58.22,-25.214],[48.837,-24.113],[41.482,-21.022],[32.759,-14.82],[-41.336,-7.025],[-68.041,17.574],[34.232,-4.271],[37.009,-4.827],[37.41,-4.251],[37.37,-4.898],[42.675,-5.502],[54.203,-5.759],[63.129,-9.256],[66.792,-13.878]],"c":true},"a":0}},{"ty":"fl","nm":"F","bm":0,"c":{"a":0,"k":[0.9677,0.8363,0.6523,1]},"o":{"a":0,"k":100},"r":1},{"ty":"tr","o":{"a":0,"k":100},"r":{"a":1,"k":[{"i":{"x":[0.667],"y":[1]},"o":{"x":[0.333],"y":[0]},"t":0,"s":[0]},{"i":{"x":[0.667],"y":[1]},"o":{"x":[0.333],"y":[0]},"t":90,"s":[-13]},{"t":180,"s":[0]}]},"p":{"a":0,"k":[1170.236,1014.966]},"a":{"a":0,"k":[-66,8]},"s":{"a":0,"k":[100,100]},"nm":"T","sk":{"a":0,"k":0},"sa":{"a":0,"k":0}}]},{"ty":"gr","nm":"G","bm":0,"it":[{"ty":"sh","nm":"P","ind":0,"ks":{"k":{"i":[[-45.572,2.801],[0.042,0],[0.892,-0.093],[0.912,-0.262],[7.917,0.299],[2.3,0.168],[0.103,0],[2.135,0.205],[0.705,0.074],[3.398,0.467],[0.767,0.112],[1.389,0.205],[0.746,0.112],[0.021,0],[0.705,0.093],[0.891,0.113],[0.663,0.131],[0.311,0.056],[-0.186,5.378],[-0.601,8.832],[-0.042,0],[-1.202,0.523],[0,-7.245]],"o":[[-0.042,0],[-0.642,0.186],[-1.367,0.131],[-8.248,0.933],[-2.383,-0.112],[-0.104,0],[-2.259,-0.168],[-0.725,-0.075],[-3.937,-0.411],[-0.808,-0.112],[-1.533,-0.224],[-0.829,-0.112],[-0.02,-0.019],[-0.788,-0.112],[-1.056,-0.15],[-0.705,-0.093],[-0.331,-0.056],[-12.496,-2.595],[0.27,-6.759],[0,0],[-0.684,0],[0,0],[0,7.226]],"v":[[43.83,29.978],[43.726,29.997],[41.322,30.37],[37.571,30.856],[13.096,31.621],[6.051,31.21],[5.74,31.192],[-0.83,30.613],[-2.985,30.389],[-14.01,29.026],[-16.373,28.69],[-20.766,28.055],[-23.108,27.719],[-23.17,27.7],[-25.388,27.383],[-28.33,26.99],[-30.382,26.673],[-31.335,26.505],[-41.345,11.175],[-39.873,-30.202],[-39.79,-30.221],[-22.921,-32.779],[-31.252,14.144]],"c":true},"a":0}},{"ty":"fl","nm":"F","bm":0,"c":{"a":0,"k":[0.919,0.961,0.961,1]},"o":{"a":0,"k":100},"r":1},{"ty":"tr","o":{"a":0,"k":100},"r":{"a":0,"k":0},"p":{"a":0,"k":[1242.946,1001.478]},"a":{"a":0,"k":[0,0]},"s":{"a":0,"k":[100,100]},"nm":"T","sk":{"a":0,"k":0},"sa":{"a":0,"k":0}}]},{"ty":"gr","nm":"G","bm":0,"it":[{"ty":"sh","nm":"P","ind":0,"ks":{"k":{"i":[[0.787,0.019],[-0.497,0.019]],"o":[[0.476,0],[0,0.056]],"v":[[-0.735,-0.009],[0.735,-0.028]],"c":true},"a":0}},{"ty":"fl","nm":"F","bm":0,"c":{"a":0,"k":[0.9671,0.6028,0.0929,1]},"o":{"a":0,"k":100},"r":1},{"ty":"tr","o":{"a":0,"k":100},"r":{"a":0,"k":0},"p":{"a":0,"k":[1206.192,971.266]},"a":{"a":0,"k":[0,0]},"s":{"a":0,"k":[100,100]},"nm":"T","sk":{"a":0,"k":0},"sa":{"a":0,"k":0}}]},{"ty":"gr","nm":"G","bm":0,"it":[{"ty":"sh","nm":"P","ind":0,"ks":{"k":{"i":[[-5.947,6.087],[17.874,16.188],[1.989,0.915],[1.99,0.672],[-9.825,-21.29],[-1.593,0.408]],"o":[[0,-0.112],[-1.541,-1.396],[-1.99,-0.934],[-36.885,-8.992],[1.996,-0.299],[14.88,-1.755]],"v":[[36.296,36.21],[12.236,-32.279],[6.62,-35.471],[0.589,-37.862],[4.835,46.853],[11.2,46.143]],"c":true},"a":0}},{"ty":"fl","nm":"F","bm":0,"c":{"a":0,"k":[1,1,1,1]},"o":{"a":0,"k":100},"r":1},{"ty":"tr","o":{"a":0,"k":100},"r":{"a":0,"k":0},"p":{"a":0,"k":[1285.814,924.721]},"a":{"a":0,"k":[0,0]},"s":{"a":0,"k":[100,100]},"nm":"T","sk":{"a":0,"k":0},"sa":{"a":0,"k":0}}]},{"ty":"gr","nm":"G","bm":0,"it":[{"ty":"sh","nm":"P","ind":0,"ks":{"k":{"i":[[0.787,0.019],[-0.497,0.019]],"o":[[0.476,0],[0,0.056]],"v":[[-41.378,12.762],[-39.907,12.743]],"c":true},"a":0}},{"ty":"sh","nm":"P","ind":1,"ks":{"k":{"i":[[1.99,0.915],[1.989,0.672],[0,0],[8.352,0],[0.388,0.482],[-0.684,0],[0,0],[0.27,-6.759],[-12.496,-2.596],[-0.331,-0.056],[-0.705,-0.093],[-1.056,-0.149],[-0.788,-0.112],[-0.02,-0.019],[-0.808,-0.112],[-1.533,-0.225],[-0.808,-0.112],[-3.937,-0.411],[-0.725,-0.075],[-2.259,-0.168],[-0.104,0],[-2.383,-0.112],[-8.248,0.934],[-1.243,0.187],[-0.808,0.13],[-0.042,0],[-1.72,0.374],[0.435,5.508],[0.208,2.876],[0.477,4.929]],"o":[[-1.989,-0.933],[-7.212,-2.409],[-1.057,4.949],[-17.74,0],[-38.498,0.502],[-0.042,0],[-0.601,8.832],[-0.186,5.378],[0.311,0.056],[0.663,0.131],[0.891,0.112],[0.705,0.094],[0.021,0],[0.746,0.112],[1.389,0.205],[0.767,0.112],[3.398,0.466],[0.705,0.074],[2.135,0.205],[0.103,0],[2.3,0.168],[7.917,0.299],[1.264,-0.13],[0.809,-0.112],[0.042,0],[1.741,-0.28],[2.445,-0.579],[-0.228,-3.118],[-1.595,-21.828],[-1.934,-10.761]],"v":[[45.599,-69.246],[39.568,-71.635],[25.828,-74.904],[11.964,-64.186],[-15.474,-74.567],[-43.678,12.762],[-43.761,12.781],[-45.234,54.159],[-35.224,69.489],[-34.271,69.656],[-32.219,69.973],[-29.276,70.365],[-27.058,70.683],[-26.996,70.702],[-24.654,71.038],[-20.261,71.673],[-17.898,72.01],[-6.874,73.373],[-4.719,73.596],[1.852,74.176],[2.162,74.193],[9.208,74.604],[33.682,73.839],[37.433,73.354],[39.838,72.98],[39.942,72.961],[45.123,71.971],[53.536,62.99],[52.873,53.99],[50.178,12.37]],"c":true},"a":0}},{"ty":"fl","nm":"F","bm":0,"c":{"a":0,"k":[1,1,1,1]},"o":{"a":0,"k":100},"r":1},{"ty":"tr","o":{"a":0,"k":100},"r":{"a":0,"k":0},"p":{"a":0,"k":[1246.835,958.494]},"a":{"a":0,"k":[0,0]},"s":{"a":0,"k":[100,100]},"nm":"T","sk":{"a":0,"k":0},"sa":{"a":0,"k":0}}]},{"ty":"gr","nm":"G","bm":0,"it":[{"ty":"sh","nm":"P","ind":0,"ks":{"k":{"i":[[0,0],[2.761,14.736],[5.493,-1.91],[0.694,-14.623],[-12.832,-7.524],[-3.224,8.714]],"o":[[-2.667,-17.651],[-6.828,-36.447],[-5.493,1.909],[-0.606,12.75],[0,0],[3.224,-8.714]],"v":[[22.547,34.461],[12.329,-26.837],[-14.554,-58.099],[-26.337,-36.791],[9.443,58.33],[23.719,54.571]],"c":true},"a":0}},{"ty":"fl","nm":"F","bm":0,"c":{"a":0,"k":[0.9677,0.8363,0.6523,1]},"o":{"a":0,"k":100},"r":1},{"ty":"tr","o":{"a":0,"k":100},"r":{"a":0,"k":0},"p":{"a":0,"k":[1302.699,963.624]},"a":{"a":0,"k":[0,0]},"s":{"a":0,"k":[100,100]},"nm":"T","sk":{"a":0,"k":0},"sa":{"a":0,"k":0}}]},{"ty":"gr","nm":"G","bm":0,"it":[{"ty":"sh","nm":"P","ind":0,"ks":{"k":{"i":[[4.518,-16.45],[0,0.112],[5.699,2.278],[-2.218,9.355],[0,0],[-0.021,-13.164]],"o":[[0,-0.112],[-12.497,0.373],[4.29,-23.938],[3.15,-13.369],[0,0],[0,14.097]],"v":[[8.88,39.249],[8.901,38.913],[-18.268,34.712],[-6.787,-25.917],[5.896,-29.614],[18.268,-12.323]],"c":true},"a":0}},{"ty":"fl","nm":"F","bm":0,"c":{"a":0,"k":[0.9677,0.8363,0.6523,1]},"o":{"a":0,"k":100},"r":1},{"ty":"tr","o":{"a":0,"k":100},"r":{"a":0,"k":0},"p":{"a":0,"k":[1198.027,932.325]},"a":{"a":0,"k":[0,0]},"s":{"a":0,"k":[100,100]},"nm":"T","sk":{"a":0,"k":0},"sa":{"a":0,"k":0}}]},{"ty":"gr","nm":"G","bm":0,"it":[{"ty":"gr","nm":"G","bm":0,"it":[{"ty":"sh","nm":"P","ind":0,"ks":{"k":{"i":[[0.259,-1.576],[0,0],[0,0],[0,0]],"o":[[-1.91,11.612],[0,0],[0,0],[0,0]],"v":[[4.074,-9.16],[-1.839,11.383],[-4.332,3.227],[-1.842,-11.383]],"c":true},"a":0}},{"ty":"fl","nm":"F","bm":0,"c":{"a":0,"k":[0.0308,0.2492,0.2019,1]},"o":{"a":0,"k":100},"r":1},{"ty":"tr","o":{"a":0,"k":100},"r":{"a":0,"k":0},"p":{"a":0,"k":[1229.578,822.821]},"a":{"a":0,"k":[0,0]},"s":{"a":0,"k":[100,100]},"nm":"T","sk":{"a":0,"k":0},"sa":{"a":0,"k":0}}]},{"ty":"gr","nm":"G","bm":0,"it":[{"ty":"sh","nm":"P","ind":0,"ks":{"k":{"i":[[0,0],[0,0],[0,0],[0.023,0.31],[-0.161,0.067],[-1.407,-0.837]],"o":[[-0.018,0.106],[-2.187,-1.952],[0,0],[0.148,-0.088],[1.609,-0.676],[0,0]],"v":[[2.704,0.692],[2.519,0.976],[-2.671,0.495],[-2.704,0.013],[-2.242,-0.22],[2.7,0.564]],"c":true},"a":0}},{"ty":"fl","nm":"F","bm":0,"c":{"a":0,"k":[0.04,0.16,0.134,1]},"o":{"a":0,"k":100},"r":1},{"ty":"tr","o":{"a":0,"k":100},"r":{"a":0,"k":0},"p":{"a":0,"k":[1225.036,833.512]},"a":{"a":0,"k":[0,0]},"s":{"a":0,"k":[100,100]},"nm":"T","sk":{"a":0,"k":0},"sa":{"a":0,"k":0}}]},{"ty":"gr","nm":"G","bm":0,"it":[{"ty":"sh","nm":"P","ind":0,"ks":{"k":{"i":[[-0.049,-0.052],[1.588,-2.365],[0.402,0.085],[2.787,0.578],[0.427,0.087],[6.605,1.297],[0.125,-0.335],[5.268,-1.982],[0.246,-0.896],[0.226,-1.491],[0,0],[1.609,-0.676],[0.149,-0.089],[-0.309,1.036],[-3.99,4.343],[-1.537,1.618],[-7.24,0.632],[-2.721,-0.548],[-4.084,-1.501],[-1.613,-1.697]],"o":[[-0.436,2.76],[-1.088,1.626],[-0.962,-0.206],[-0.398,-0.08],[-4.104,-0.846],[-1.709,-0.36],[-1.88,5.049],[-0.868,0.327],[-1.14,4.155],[0,0],[-1.407,-0.838],[-0.162,0.068],[-0.19,-3.081],[0.338,-1.147],[0.14,-1.189],[3.911,-4.115],[1.874,-0.164],[7.776,1.566],[1.849,0.676],[0.05,0.048]],"v":[[29.888,-10.611],[26.743,-2.815],[21.824,0.859],[16.113,-0.339],[14.877,-0.593],[-1.417,-3.867],[-4.565,-3.072],[-17.339,7.451],[-19.11,9.414],[-23.381,22.128],[-23.385,22],[-28.327,21.216],[-28.79,21.45],[-29.579,-1.05],[-23.448,-9.687],[-21.043,-13.94],[-4.243,-21.964],[2.817,-21.297],[24.526,-14.521],[29.744,-10.758]],"c":true},"a":0}},{"ty":"fl","nm":"F","bm":0,"c":{"a":0,"k":[0.0308,0.2492,0.2019,1]},"o":{"a":0,"k":100},"r":1},{"ty":"tr","o":{"a":0,"k":100},"r":{"a":0,"k":0},"p":{"a":0,"k":[1251.121,812.076]},"a":{"a":0,"k":[0,0]},"s":{"a":0,"k":[100,100]},"nm":"T","sk":{"a":0,"k":0},"sa":{"a":0,"k":0}}]},{"ty":"gr","nm":"G","bm":0,"it":[{"ty":"sh","nm":"P","ind":0,"ks":{"k":{"i":[[1.497,-4.156],[1.322,-0.553],[0,0],[0.58,1.59],[0,0],[-1.088,1.625],[-2.26,-1.438],[-0.721,-2.116],[0.077,-1.558]],"o":[[-1.376,-0.493],[0,0],[0.132,-1.699],[-2.29,-6.27],[1.578,-1.187],[1.587,-2.365],[2.302,2.455],[0.5,1.468],[-0.296,5.932]],"v":[[3.175,18.91],[-0.345,18.969],[0.449,8.786],[-0.172,3.777],[-6.6,-5.885],[-3.662,-10.499],[1.349,-17.531],[5.896,-10.023],[6.523,-5.454]],"c":true},"a":0}},{"ty":"fl","nm":"F","bm":0,"c":{"a":0,"k":[0.0308,0.2492,0.2019,1]},"o":{"a":0,"k":100},"r":1},{"ty":"tr","o":{"a":0,"k":100},"r":{"a":0,"k":0},"p":{"a":0,"k":[1279.327,818.653]},"a":{"a":0,"k":[0,0]},"s":{"a":0,"k":[100,100]},"nm":"T","sk":{"a":0,"k":0},"sa":{"a":0,"k":0}}]},{"ty":"gr","nm":"G","bm":0,"it":[{"ty":"sh","nm":"P","ind":0,"ks":{"k":{"i":[[0,0],[-0.735,-4.689],[-14.885,-2.534],[-5.49,2.717],[-1.398,8.54],[0,0],[0,0],[0,0],[0,0],[0,0],[0,0],[0,0]],"o":[[0,0],[1.216,7.761],[5.981,1.018],[9.798,-4.849],[3.661,-22.368],[0,0],[0,0],[0,0],[0,0],[0,0],[0,0],[0,0]],"v":[[-26.975,-11.372],[-26.38,14.531],[-5.047,35.025],[12.659,32.721],[23.454,12.575],[26.044,-12.565],[22.779,-26.156],[18.927,-32.612],[3.239,-35.289],[-10.499,-36.042],[-19.62,-35.672],[-21.863,-30.113]],"c":true},"a":0}},{"ty":"fl","nm":"F","bm":0,"c":{"a":0,"k":[0.9677,0.8363,0.6523,1]},"o":{"a":0,"k":100},"r":1},{"ty":"tr","o":{"a":0,"k":100},"r":{"a":0,"k":0},"p":{"a":0,"k":[1254.521,836.174]},"a":{"a":0,"k":[0,0]},"s":{"a":0,"k":[100,100]},"nm":"T","sk":{"a":0,"k":0},"sa":{"a":0,"k":0}}]},{"ty":"gr","nm":"G","bm":0,"it":[{"ty":"sh","nm":"P","ind":0,"ks":{"k":{"i":[[1.127,-2.743],[1.741,3.996],[0,0],[-0.01,0.004],[-1.377,-0.493],[-0.19,-0.116]],"o":[[-0.963,2.348],[0,0],[0.01,-0.004],[1.322,-0.553],[0.208,0.077],[2.962,1.763]],"v":[[3.531,1.264],[-5.178,4.769],[-2.799,-7.867],[-2.769,-7.88],[1.613,-8.273],[2.217,-7.987]],"c":true},"a":0}},{"ty":"fl","nm":"F","bm":0,"c":{"a":0,"k":[0.9677,0.8363,0.6523,1]},"o":{"a":0,"k":100},"r":1},{"ty":"tr","o":{"a":0,"k":100},"r":{"a":0,"k":0},"p":{"a":0,"k":[1280.285,845.551]},"a":{"a":0,"k":[0,0]},"s":{"a":0,"k":[100,100]},"nm":"T","sk":{"a":0,"k":0},"sa":{"a":0,"k":0}}]},{"ty":"gr","nm":"G","bm":0,"it":[{"ty":"sh","nm":"P","ind":0,"ks":{"k":{"i":[[0,0],[1.607,-0.676],[-0.664,-2.865],[-2.375,3.726]],"o":[[-1.406,-0.841],[-3.22,1.354],[0.568,2.451],[0,0]],"v":[[4.067,-7.54],[-0.875,-8.324],[-3.688,0.655],[4.352,5.274]],"c":false},"a":0}},{"ty":"fl","nm":"F","bm":0,"c":{"a":0,"k":[0.9677,0.8363,0.6523,1]},"o":{"a":0,"k":100},"r":1},{"ty":"tr","o":{"a":0,"k":100},"r":{"a":0,"k":0},"p":{"a":0,"k":[1224.079,841.89]},"a":{"a":0,"k":[0,0]},"s":{"a":0,"k":[100,100]},"nm":"T","sk":{"a":0,"k":0},"sa":{"a":0,"k":0}}]},{"ty":"gr","nm":"G","bm":0,"it":[{"ty":"sh","nm":"P","ind":0,"ks":{"k":{"i":[[0,0],[-9.343,-2.246],[-0.516,5.865],[0,0]],"o":[[0,0],[6.308,1.517],[0.026,-0.294],[0,0]],"v":[[-15.419,-4.496],[1.793,4.166],[15.415,-4.039],[15.081,-4.496]],"c":true},"a":0}},{"ty":"fl","nm":"F","bm":0,"c":{"a":0,"k":[0.9875,0.7896,0.5125,1]},"o":{"a":0,"k":100},"r":1},{"ty":"tr","o":{"a":0,"k":100},"r":{"a":0,"k":0},"p":{"a":0,"k":[1251.981,871.358]},"a":{"a":0,"k":[0,0]},"s":{"a":0,"k":[100,100]},"nm":"T","sk":{"a":0,"k":0},"sa":{"a":0,"k":0}}]},{"ty":"tr","o":{"a":0,"k":100},"r":{"a":0,"k":0},"p":{"k":[{"i":{"x":0.667,"y":1},"o":{"x":0.333,"y":0},"t":30,"s":[1252.98,832.96],"ti":[0,0],"to":[0.001,0]},{"i":{"x":0.667,"y":1},"o":{"x":0.333,"y":0},"t":40,"s":[1252.989,835.96],"ti":[0.001,0],"to":[0,0]},{"i":{"x":0.667,"y":0.667},"o":{"x":0.333,"y":0.333},"t":50,"s":[1252.98,832.96],"ti":[0,0],"to":[0,0]},{"i":{"x":0.667,"y":1},"o":{"x":0.333,"y":0},"t":90,"s":[1252.98,832.96],"ti":[0,0],"to":[0.001,0]},{"i":{"x":0.667,"y":1},"o":{"x":0.333,"y":0},"t":100,"s":[1252.989,835.96],"ti":[0.001,0],"to":[0,0]},{"i":{"x":0.667,"y":0.667},"o":{"x":0.333,"y":0.333},"t":110,"s":[1252.98,832.96],"ti":[0,0],"to":[0,0]},{"i":{"x":0.667,"y":1},"o":{"x":0.333,"y":0},"t":150,"s":[1252.98,832.96],"ti":[0,0],"to":[0.001,0]},{"i":{"x":0.667,"y":1},"o":{"x":0.333,"y":0},"t":160,"s":[1252.989,835.96],"ti":[0.001,0],"to":[0,0]},{"t":170,"s":[1252.98,832.96]}],"a":1},"a":{"a":0,"k":[1252.98,832.96]},"s":{"a":0,"k":[100,100]},"nm":"T","sk":{"a":0,"k":0},"sa":{"a":0,"k":0}}]},{"ty":"gr","nm":"G","bm":0,"it":[{"ty":"sh","nm":"P","ind":0,"ks":{"k":{"i":[[4.53,1.205],[-1.483,4.568],[0,0],[2.178,-8.839],[6.811,-1.534],[-7.941,-5.478],[-6.815,4.017]],"o":[[0,0],[1.483,-4.569],[0,0],[0,0],[0,0],[0,0],[0,0]],"v":[[15.964,-2.13],[15.916,-19.771],[-15.999,-25.757],[-15.999,-2.13],[-27.847,1.596],[10.857,25.757],[27.847,1.322]],"c":true},"a":0}},{"ty":"fl","nm":"F","bm":0,"c":{"a":0,"k":[0.9875,0.7896,0.5125,1]},"o":{"a":0,"k":100},"r":1},{"ty":"tr","o":{"a":0,"k":100},"r":{"a":0,"k":0},"p":{"a":0,"k":[1251.763,884.43]},"a":{"a":0,"k":[0,0]},"s":{"a":0,"k":[100,100]},"nm":"T","sk":{"a":0,"k":0},"sa":{"a":0,"k":0}}]},{"ty":"tr","o":{"a":0,"k":100},"r":{"a":1,"k":[{"i":{"x":[0.667],"y":[1]},"o":{"x":[0.333],"y":[0]},"t":0,"s":[0]},{"i":{"x":[0.667],"y":[1]},"o":{"x":[0.333],"y":[0]},"t":90,"s":[5]},{"t":180,"s":[0]}]},"p":{"a":0,"k":[1260.939,1029.654]},"a":{"a":0,"k":[1260.939,1029.654]},"s":{"a":0,"k":[100,100]},"nm":"T","sk":{"a":0,"k":0},"sa":{"a":0,"k":0}}]},{"ty":"gr","nm":"G","bm":0,"it":[{"ty":"gr","nm":"G","bm":0,"it":[{"ty":"sh","nm":"P","ind":0,"ks":{"k":{"i":[[0,0],[0,0],[0,0],[0,0]],"o":[[0,0],[0,0],[0,0],[0,0]],"v":[[-19.865,17.875],[20.399,-14.289],[20.194,-17.875],[-20.4,14.531]],"c":true},"a":0}},{"ty":"fl","nm":"F","bm":0,"c":{"a":0,"k":[0.9345,0.9655,0.9655,1]},"o":{"a":0,"k":100},"r":1},{"ty":"tr","o":{"a":0,"k":100},"r":{"a":0,"k":0},"p":{"a":0,"k":[1373.17,1182.711]},"a":{"a":0,"k":[0,0]},"s":{"a":0,"k":[100,100]},"nm":"T","sk":{"a":0,"k":0},"sa":{"a":0,"k":0}}]},{"ty":"gr","nm":"G","bm":0,"it":[{"ty":"sh","nm":"P","ind":0,"ks":{"k":{"i":[[0,0],[0,0],[0,0],[0,0]],"o":[[0,0],[0,0],[0,0],[0,0]],"v":[[-19.088,18.957],[19.669,-15.046],[19.445,-18.956],[-19.668,15.371]],"c":true},"a":0}},{"ty":"fl","nm":"F","bm":0,"c":{"a":0,"k":[0.9345,0.9655,0.9655,1]},"o":{"a":0,"k":100},"r":1},{"ty":"tr","o":{"a":0,"k":100},"r":{"a":0,"k":0},"p":{"a":0,"k":[1374.569,1195.15]},"a":{"a":0,"k":[0,0]},"s":{"a":0,"k":[100,100]},"nm":"T","sk":{"a":0,"k":0},"sa":{"a":0,"k":0}}]},{"ty":"gr","nm":"G","bm":0,"it":[{"ty":"sh","nm":"P","ind":0,"ks":{"k":{"i":[[0,0],[6.924,-6.788],[-0.136,-0.113],[-0.663,-0.105],[-15.164,2.794]],"o":[[-15.689,2.716],[0.063,0.337],[0.058,0.053],[6.308,-6.363],[0,-0.353]],"v":[[18.141,-11.315],[-18.309,8.526],[-17.715,11.068],[-16.723,11.316],[18.31,-8.351]],"c":true},"a":0}},{"ty":"fl","nm":"F","bm":0,"c":{"a":0,"k":[0.9345,0.9655,0.9655,1]},"o":{"a":0,"k":100},"r":1},{"ty":"tr","o":{"a":0,"k":100},"r":{"a":0,"k":0},"p":{"a":0,"k":[1378.493,1233.351]},"a":{"a":0,"k":[0,0]},"s":{"a":0,"k":[100,100]},"nm":"T","sk":{"a":0,"k":0},"sa":{"a":0,"k":0}}]},{"ty":"gr","nm":"G","bm":0,"it":[{"ty":"sh","nm":"P","ind":0,"ks":{"k":{"i":[[1.493,0.716],[7.505,-9.243],[-1.235,-0.088],[-10.131,1.341]],"o":[[-10.799,1.81],[1.173,0.094],[8.005,-8.502],[-1.452,-0.805]],"v":[[13.783,-7.767],[-18.184,7.492],[-14.615,7.767],[18.184,-5.507]],"c":true},"a":0}},{"ty":"fl","nm":"F","bm":0,"c":{"a":0,"k":[0.9345,0.9655,0.9655,1]},"o":{"a":0,"k":100},"r":1},{"ty":"tr","o":{"a":0,"k":100},"r":{"a":0,"k":0},"p":{"a":0,"k":[1395.452,1238.78]},"a":{"a":0,"k":[0,0]},"s":{"a":0,"k":[100,100]},"nm":"T","sk":{"a":0,"k":0},"sa":{"a":0,"k":0}}]},{"ty":"gr","nm":"G","bm":0,"it":[{"ty":"sh","nm":"P","ind":0,"ks":{"k":{"i":[[0,0],[0,0],[0,0],[1.069,-7.946],[0.802,0.722]],"o":[[0,0],[0,0],[0,0],[-1.069,7.945],[-0.802,-0.722]],"v":[[-38.157,-37.764],[6.737,-44.506],[10.365,18.985],[37.089,36.562],[-25.711,37.525]],"c":true},"a":0}},{"ty":"fl","nm":"F","bm":0,"c":{"a":0,"k":[1,1,1,1]},"o":{"a":0,"k":100},"r":1},{"ty":"tr","o":{"a":0,"k":100},"r":{"a":0,"k":0},"p":{"a":0,"k":[1386.488,1206.895]},"a":{"a":0,"k":[0,0]},"s":{"a":0,"k":[100,100]},"nm":"T","sk":{"a":0,"k":0},"sa":{"a":0,"k":0}}]},{"ty":"gr","nm":"G","bm":0,"it":[{"ty":"sh","nm":"P","ind":0,"ks":{"k":{"i":[[20.141,-1.028],[0,0],[0,0],[0,0],[0,0]],"o":[[-18.778,0.959],[-4.946,44.044],[0,0],[4.645,-43.238],[0,0]],"v":[[0.365,-75.206],[-18.204,-54.747],[-6.312,76.068],[18.395,76.233],[23.149,-50.312]],"c":true},"a":0}},{"ty":"fl","nm":"F","bm":0,"c":{"a":0,"k":[0.2496,0.5304,0.4696,1]},"o":{"a":0,"k":100},"r":1},{"ty":"tr","o":{"a":0,"k":100},"r":{"a":0,"k":0},"p":{"a":0,"k":[1368.001,1134.872]},"a":{"a":0,"k":[0,0]},"s":{"a":0,"k":[100,100]},"nm":"T","sk":{"a":0,"k":0},"sa":{"a":0,"k":0}}]},{"ty":"gr","nm":"G","bm":0,"it":[{"ty":"sh","nm":"P","ind":0,"ks":{"k":{"i":[[0.572,-0.09],[0.751,-4.883],[-0.512,-2.001],[-1.548,0.058],[-10.949,0.914],[-0.983,3.732],[7.759,3.805],[0.985,-0.006],[0.816,-0.521],[3.902,0.756]],"o":[[-1.888,0.296],[-0.314,2.037],[3.688,2.922],[9.336,-0.353],[2.299,-0.192],[0.839,-3.185],[-1.334,-0.654],[-0.986,0.006],[-4.054,2.587],[-1.696,-0.328]],"v":[[-25.147,-8.477],[-27.009,-0.251],[-27.083,8.329],[-11.716,9.358],[19.297,9.927],[26.755,5.021],[-1.48,-8.968],[-4.975,-11.245],[-7.734,-8.3],[-22.129,-6.587]],"c":true},"a":0}},{"ty":"fl","nm":"F","bm":0,"c":{"a":0,"k":[0.0445,0.0555,0.0531,1]},"o":{"a":0,"k":100},"r":1},{"ty":"tr","o":{"a":0,"k":100},"r":{"a":0,"k":0},"p":{"a":0,"k":[1390.382,1232.889]},"a":{"a":0,"k":[0,0]},"s":{"a":0,"k":[100,100]},"nm":"T","sk":{"a":0,"k":0},"sa":{"a":0,"k":0}}]},{"ty":"gr","nm":"G","bm":0,"it":[{"ty":"sh","nm":"P","ind":0,"ks":{"k":{"i":[[0.572,-0.09],[0.752,-4.884],[-0.512,-2.001],[-1.548,0.059],[-11.221,1.436],[-0.984,3.732],[0,0],[6.598,3.236],[0.985,-0.006],[0.816,-0.52],[3.902,0.756]],"o":[[-1.888,0.296],[-0.313,2.036],[3.688,2.922],[9.336,-0.353],[2.187,-0.28],[0.125,-0.477],[0,0],[-1.334,-0.654],[-0.986,0.006],[-4.055,2.587],[-1.696,-0.328]],"v":[[-24.929,-8.533],[-26.791,-0.306],[-26.45,8.268],[-11.498,9.302],[19.516,9.871],[26.979,5.611],[26.956,2.597],[-1.262,-9.024],[-4.757,-11.301],[-7.515,-8.356],[-21.91,-6.643]],"c":true},"a":0}},{"ty":"fl","nm":"F","bm":0,"c":{"a":0,"k":[0.735,0.765,0.765,1]},"o":{"a":0,"k":100},"r":1},{"ty":"tr","o":{"a":0,"k":100},"r":{"a":0,"k":0},"p":{"a":0,"k":[1390.182,1235.314]},"a":{"a":0,"k":[0,0]},"s":{"a":0,"k":[100,100]},"nm":"T","sk":{"a":0,"k":0},"sa":{"a":0,"k":0}}]},{"ty":"gr","nm":"G","bm":0,"it":[{"ty":"sh","nm":"P","ind":0,"ks":{"k":{"i":[[0,0],[-1.118,-2.666],[0,0],[0,0],[0,0],[0,0],[0,0],[0.281,2.4],[0,0]],"o":[[0,0],[0.386,0.918],[0,0],[0,0],[0,0],[0,0],[0,0],[-0.28,-2.4],[0,0]],"v":[[4.063,-18.973],[3.288,2.216],[15.119,8.336],[15.279,18.973],[-7.052,15.346],[-14.103,12.68],[-14.564,9.847],[-13.383,1.847],[-15.278,-18.856]],"c":false},"a":0}},{"ty":"fl","nm":"F","bm":0,"c":{"a":0,"k":[0.9895,0.8232,0.5905,1]},"o":{"a":0,"k":100},"r":1},{"ty":"tr","o":{"a":0,"k":100},"r":{"a":0,"k":0},"p":{"a":0,"k":[1378.954,1218.479]},"a":{"a":0,"k":[0,0]},"s":{"a":0,"k":[100,100]},"nm":"T","sk":{"a":0,"k":0},"sa":{"a":0,"k":0}}]},{"ty":"tr","o":{"a":0,"k":100},"r":{"a":1,"k":[{"i":{"x":[0.667],"y":[1]},"o":{"x":[0.333],"y":[0]},"t":0,"s":[0]},{"i":{"x":[0.667],"y":[1]},"o":{"x":[0.333],"y":[0]},"t":90,"s":[-12]},{"t":180,"s":[0]}]},"p":{"a":0,"k":[1372.969,1063.54]},"a":{"a":0,"k":[1372.969,1063.54]},"s":{"a":0,"k":[100,100]},"nm":"T","sk":{"a":0,"k":0},"sa":{"a":0,"k":0}}]},{"ty":"gr","nm":"G","bm":0,"it":[{"ty":"sh","nm":"P","ind":0,"ks":{"k":{"i":[[-2.533,15.032],[0,0],[27.883,0.731],[-4.719,-17.087],[-14.619,-1.524],[-14.573,0.528],[-28.355,2.387],[-2.995,0.014]],"o":[[2.534,-15.034],[-71.234,-13.588],[-22.378,-0.586],[3.921,14.195],[14.524,1.513],[28.46,-1.034],[2.978,-0.251],[0,0]],"v":[[95.458,7.491],[84.674,-11.573],[-66.537,-29.323],[-93.272,7.635],[-59.662,28.396],[-15.749,28.86],[69.49,23.377],[78.559,22.591]],"c":true},"a":0}},{"ty":"fl","nm":"F","bm":0,"c":{"a":0,"k":[0.2496,0.5304,0.4696,1]},"o":{"a":0,"k":100},"r":1},{"ty":"tr","o":{"a":0,"k":100},"r":{"a":0,"k":0},"p":{"a":0,"k":[1344.305,1071.954]},"a":{"a":0,"k":[0,0]},"s":{"a":0,"k":[100,100]},"nm":"T","sk":{"a":0,"k":0},"sa":{"a":0,"k":0}}]},{"ty":"gr","nm":"G","bm":0,"it":[{"ty":"sh","nm":"P","ind":0,"ks":{"k":{"i":[[20.141,-1.028],[0,0],[0,0],[0,0],[0,0]],"o":[[-18.778,0.959],[-4.946,44.044],[0,0],[4.645,-43.238],[0,0]],"v":[[0.365,-75.206],[-18.204,-54.747],[-6.312,76.068],[18.395,76.233],[23.149,-50.312]],"c":true},"a":0}},{"ty":"fl","nm":"F","bm":0,"c":{"a":0,"k":[0.2496,0.5304,0.4696,1]},"o":{"a":0,"k":100},"r":1},{"ty":"tr","o":{"a":0,"k":100},"r":{"a":0,"k":0},"p":{"a":0,"k":[1420.906,1134.872]},"a":{"a":0,"k":[0,0]},"s":{"a":0,"k":[100,100]},"nm":"T","sk":{"a":0,"k":0},"sa":{"a":0,"k":0}}]},{"ty":"gr","nm":"G","bm":0,"it":[{"ty":"sh","nm":"P","ind":0,"ks":{"k":{"i":[[0.572,-0.09],[0.751,-4.883],[-0.512,-2.001],[-1.548,0.058],[-10.948,0.914],[-0.983,3.732],[7.759,3.805],[0.985,-0.006],[0.816,-0.521],[3.903,0.756]],"o":[[-1.888,0.296],[-0.314,2.037],[3.688,2.922],[9.336,-0.353],[2.299,-0.192],[0.839,-3.185],[-1.334,-0.654],[-0.986,0.006],[-4.054,2.587],[-1.696,-0.328]],"v":[[-25.147,-8.477],[-27.009,-0.251],[-27.083,8.329],[-11.716,9.358],[19.297,9.927],[26.755,5.021],[-1.48,-8.968],[-4.975,-11.245],[-7.734,-8.3],[-22.129,-6.587]],"c":true},"a":0}},{"ty":"fl","nm":"F","bm":0,"c":{"a":0,"k":[0.0445,0.0555,0.0531,1]},"o":{"a":0,"k":100},"r":1},{"ty":"tr","o":{"a":0,"k":100},"r":{"a":0,"k":0},"p":{"a":0,"k":[1443.287,1232.889]},"a":{"a":0,"k":[0,0]},"s":{"a":0,"k":[100,100]},"nm":"T","sk":{"a":0,"k":0},"sa":{"a":0,"k":0}}]},{"ty":"gr","nm":"G","bm":0,"it":[{"ty":"sh","nm":"P","ind":0,"ks":{"k":{"i":[[0.572,-0.09],[0.752,-4.884],[-0.512,-2.001],[-1.548,0.059],[-11.221,1.436],[-0.984,3.732],[0,0],[6.598,3.236],[0.985,-0.006],[0.816,-0.52],[3.902,0.756]],"o":[[-1.888,0.296],[-0.313,2.036],[3.688,2.922],[9.336,-0.353],[2.187,-0.28],[0.125,-0.477],[0,0],[-1.334,-0.654],[-0.986,0.006],[-4.055,2.587],[-1.696,-0.328]],"v":[[-24.929,-8.533],[-26.791,-0.306],[-26.45,8.268],[-11.498,9.302],[19.516,9.871],[26.979,5.611],[26.956,2.597],[-1.262,-9.024],[-4.757,-11.301],[-7.515,-8.356],[-21.91,-6.643]],"c":true},"a":0}},{"ty":"fl","nm":"F","bm":0,"c":{"a":0,"k":[0.735,0.765,0.765,1]},"o":{"a":0,"k":100},"r":1},{"ty":"tr","o":{"a":0,"k":100},"r":{"a":0,"k":0},"p":{"a":0,"k":[1443.086,1235.314]},"a":{"a":0,"k":[0,0]},"s":{"a":0,"k":[100,100]},"nm":"T","sk":{"a":0,"k":0},"sa":{"a":0,"k":0}}]},{"ty":"gr","nm":"G","bm":0,"it":[{"ty":"sh","nm":"P","ind":0,"ks":{"k":{"i":[[0,0],[-1.118,-2.666],[0,0],[0,0],[0,0],[0,0],[0,0],[0.281,2.4],[0,0]],"o":[[0,0],[0.386,0.918],[0,0],[0,0],[0,0],[0,0],[0,0],[-0.28,-2.4],[0,0]],"v":[[4.063,-18.973],[3.288,2.216],[15.119,8.336],[15.279,18.973],[-7.052,15.346],[-14.103,12.68],[-14.564,9.847],[-13.383,1.847],[-15.278,-18.856]],"c":false},"a":0}},{"ty":"fl","nm":"F","bm":0,"c":{"a":0,"k":[0.9895,0.8232,0.5905,1]},"o":{"a":0,"k":100},"r":1},{"ty":"tr","o":{"a":0,"k":100},"r":{"a":0,"k":0},"p":{"a":0,"k":[1431.858,1218.479]},"a":{"a":0,"k":[0,0]},"s":{"a":0,"k":[100,100]},"nm":"T","sk":{"a":0,"k":0},"sa":{"a":0,"k":0}}]},{"ty":"gr","nm":"G","bm":0,"it":[{"ty":"sh","nm":"P","ind":0,"ks":{"k":{"i":[[-2.068,15.089],[0,0],[27.895,0.031],[-5.246,-16.962],[-14.661,-1.156],[-14.552,0.894],[-28.271,3.097],[-2.993,0.089]],"o":[[2.069,-15.092],[-71.626,-11.796],[-22.387,-0.025],[4.357,14.092],[14.565,1.149],[28.416,-1.747],[2.969,-0.326],[0,0]],"v":[[95.915,3.412],[84.546,-15.373],[-67.156,-29.323],[-92.738,8.29],[-58.5,28.2],[-14.589,27.563],[70.448,19.943],[79.489,18.931]],"c":true},"a":0}},{"ty":"fl","nm":"F","bm":0,"c":{"a":0,"k":[0.2496,0.5304,0.4696,1]},"o":{"a":0,"k":100},"r":1},{"ty":"tr","o":{"a":0,"k":100},"r":{"a":0,"k":0},"p":{"a":0,"k":[1290.947,1075.723]},"a":{"a":0,"k":[0,0]},"s":{"a":0,"k":[100,100]},"nm":"T","sk":{"a":0,"k":0},"sa":{"a":0,"k":0}}]},{"ty":"gr","nm":"G","bm":0,"it":[{"ty":"sh","nm":"P","ind":0,"ks":{"k":{"i":[[0.637,1.548],[-0.887,-1.409],[-1.008,-1.319],[-1.192,-1.142],[-1.639,-0.404],[1.27,1.082],[1.011,1.341],[0.827,1.458]],"o":[[0.822,1.457],[0.891,1.406],[0.969,1.349],[1.197,1.117],[-1.693,-0.199],[-1.273,-1.108],[-0.987,-1.36],[-0.823,-1.459]],"v":[[-6.411,-7.36],[-3.855,-3.057],[-1.037,1.056],[2.227,4.79],[6.411,7.361],[1.97,5.076],[-1.436,1.356],[-4.184,-2.86]],"c":true},"a":0}},{"ty":"fl","nm":"F","bm":0,"c":{"a":0,"k":[1,0.749,0.4,1]},"o":{"a":0,"k":100},"r":1},{"ty":"tr","o":{"a":0,"k":100},"r":{"a":0,"k":0},"p":{"a":0,"k":[1295.08,1044.243]},"a":{"a":0,"k":[0,0]},"s":{"a":0,"k":[100,100]},"nm":"T","sk":{"a":0,"k":0},"sa":{"a":0,"k":0}}]},{"ty":"gr","nm":"G","bm":0,"it":[{"ty":"sh","nm":"P","ind":0,"ks":{"k":{"i":[[0,0],[-4.829,9.597],[-0.829,1.288],[0,0],[0,0],[0,0],[0,0],[0,0],[0,0],[0,0],[0,0],[0,0],[5.637,-5.022],[0,0]],"o":[[-15.312,-14.716],[0.974,-1.942],[1.554,-2.428],[0,0],[0,0],[0,0],[0,0],[0,0],[0,0],[0,0],[0,0],[-0.228,6.647],[0,0],[0,0]],"v":[[-30.486,30.563],[-30.486,-25.441],[-27.751,-30.277],[-25.098,-33.937],[10.049,-30.819],[28.535,-29.176],[34.959,-28.428],[44.886,-27.271],[45.798,-27.158],[45.528,-20.082],[45.508,-19.334],[44.368,11.586],[35.291,29.641],[32.576,33.937]],"c":false},"a":0}},{"ty":"fl","nm":"F","bm":0,"c":{"a":0,"k":[0.2496,0.5304,0.4696,1]},"o":{"a":0,"k":100},"r":1},{"ty":"tr","o":{"a":0,"k":100},"r":{"a":0,"k":0},"p":{"a":0,"k":[1234.824,1057.812]},"a":{"a":0,"k":[0,0]},"s":{"a":0,"k":[100,100]},"nm":"T","sk":{"a":0,"k":0},"sa":{"a":0,"k":0}}]},{"ty":"gr","nm":"G","bm":0,"it":[{"ty":"sh","nm":"P","ind":0,"ks":{"k":{"i":[[0,0],[1.056,7.392],[-1.533,6.068],[-1.14,1.979],[-0.353,0.485],[0,0],[0,0],[-1.098,-4.183],[-0.455,-1.886],[-2.746,-26.867]],"o":[[-2.568,-11.397],[-1.72,-11.912],[0.912,-3.585],[0.373,-0.597],[1.574,-2.241],[0,0],[0,0],[0.373,1.4],[2.685,11.185],[0,0]],"v":[[-27.103,34.332],[-32.813,5.252],[-32.254,-21.318],[-28.979,-29.59],[-27.922,-31.214],[-25.083,-34.332],[22.167,-34.332],[23.949,-28.021],[25.192,-23.092],[34.533,34.332]],"c":false},"a":0}},{"ty":"fl","nm":"F","bm":0,"c":{"a":0,"k":[0.2496,0.5304,0.4696,1]},"o":{"a":0,"k":100},"r":1},{"ty":"tr","o":{"a":0,"k":100},"r":{"a":0,"k":0},"p":{"a":0,"k":[1272.796,1058.207]},"a":{"a":0,"k":[0,0]},"s":{"a":0,"k":[100,100]},"nm":"T","sk":{"a":0,"k":0},"sa":{"a":0,"k":0}}]},{"ty":"gr","nm":"G","bm":0,"it":[{"ty":"sh","nm":"P","ind":0,"ks":{"k":{"i":[[0,6.219],[5.135,0],[0,-6.219],[-5.135,0]],"o":[[0,-6.219],[-5.135,0],[0,6.219],[5.135,0]],"v":[[9.297,0],[0,-11.261],[-9.297,0],[0,11.261]],"c":true},"a":0}},{"ty":"fl","nm":"F","bm":0,"c":{"a":0,"k":[0.8493,0.9307,0.9307,1]},"o":{"a":0,"k":100},"r":1},{"ty":"tr","o":{"a":0,"k":100},"r":{"a":0,"k":0},"p":{"a":0,"k":[1442.207,1269.93]},"a":{"a":0,"k":[0,0]},"s":{"a":0,"k":[100,100]},"nm":"T","sk":{"a":0,"k":0},"sa":{"a":0,"k":0}}]},{"ty":"gr","nm":"G","bm":0,"it":[{"ty":"sh","nm":"P","ind":0,"ks":{"k":{"i":[[0,0],[0,0],[9.678,0],[0,0]],"o":[[0,0],[0,-9.679],[0,0],[0,0]],"v":[[28.531,38.813],[28.531,-21.289],[11.006,-38.813],[-28.531,-38.813]],"c":false},"a":0}},{"ty":"st","nm":"S","bm":0,"lc":2,"lj":2,"o":{"a":0,"k":100},"w":{"a":0,"k":7.337},"c":{"a":0,"k":[0.0975,0.2025,0.1797,1]}},{"ty":"tr","o":{"a":0,"k":100},"r":{"a":0,"k":0},"p":{"a":0,"k":[1137.757,890.091]},"a":{"a":0,"k":[0,0]},"s":{"a":0,"k":[100,100]},"nm":"T","sk":{"a":0,"k":0},"sa":{"a":0,"k":0}}]},{"ty":"gr","nm":"G","bm":0,"it":[{"ty":"sh","nm":"P","ind":0,"ks":{"k":{"i":[[0,10.318],[8.518,0],[0,-10.318],[-8.518,0]],"o":[[0,-10.318],[-8.518,0],[0,10.318],[8.518,0]],"v":[[15.424,0],[0,-18.682],[-15.424,0],[0,18.682]],"c":true},"a":0}},{"ty":"fl","nm":"F","bm":0,"c":{"a":0,"k":[0.0975,0.2025,0.1797,1]},"o":{"a":0,"k":100},"r":1},{"ty":"tr","o":{"a":0,"k":100},"r":{"a":0,"k":0},"p":{"a":0,"k":[1443,1270.546]},"a":{"a":0,"k":[0,0]},"s":{"a":0,"k":[100,100]},"nm":"T","sk":{"a":0,"k":0},"sa":{"a":0,"k":0}}]},{"ty":"gr","nm":"G","bm":0,"it":[{"ty":"sh","nm":"P","ind":0,"ks":{"k":{"i":[[0,6.219],[5.135,0],[0,-6.219],[-5.135,0]],"o":[[0,-6.219],[-5.135,0],[0,6.219],[5.135,0]],"v":[[9.297,0],[0,-11.261],[-9.297,0],[0,11.261]],"c":true},"a":0}},{"ty":"fl","nm":"F","bm":0,"c":{"a":0,"k":[0.8493,0.9307,0.9307,1]},"o":{"a":0,"k":100},"r":1},{"ty":"tr","o":{"a":0,"k":100},"r":{"a":0,"k":0},"p":{"a":0,"k":[1317.658,1269.93]},"a":{"a":0,"k":[0,0]},"s":{"a":0,"k":[100,100]},"nm":"T","sk":{"a":0,"k":0},"sa":{"a":0,"k":0}}]},{"ty":"gr","nm":"G","bm":0,"it":[{"ty":"sh","nm":"P","ind":0,"ks":{"k":{"i":[[0,10.318],[8.519,0],[0,-10.318],[-8.518,0]],"o":[[0,-10.318],[-8.518,0],[0,10.318],[8.519,0]],"v":[[15.424,0],[0,-18.682],[-15.424,0],[0,18.682]],"c":true},"a":0}},{"ty":"fl","nm":"F","bm":0,"c":{"a":0,"k":[0.0975,0.2025,0.1797,1]},"o":{"a":0,"k":100},"r":1},{"ty":"tr","o":{"a":0,"k":100},"r":{"a":0,"k":0},"p":{"a":0,"k":[1319.005,1270.546]},"a":{"a":0,"k":[0,0]},"s":{"a":0,"k":[100,100]},"nm":"T","sk":{"a":0,"k":0},"sa":{"a":0,"k":0}}]},{"ty":"gr","nm":"G","bm":0,"it":[{"ty":"sh","nm":"P","ind":0,"ks":{"k":{"i":[[0,0],[0,0]],"o":[[0,0],[0,0]],"v":[[-4.562,-11.948],[4.562,11.948]],"c":false},"a":0}},{"ty":"st","nm":"S","bm":0,"lc":1,"lj":1,"ml":10,"o":{"a":0,"k":100},"w":{"a":0,"k":7.337},"c":{"a":0,"k":[0.0975,0.2025,0.1797,1]}},{"ty":"tr","o":{"a":0,"k":100},"r":{"a":0,"k":0},"p":{"a":0,"k":[1439.79,1242.523]},"a":{"a":0,"k":[0,0]},"s":{"a":0,"k":[100,100]},"nm":"T","sk":{"a":0,"k":0},"sa":{"a":0,"k":0}}]},{"ty":"gr","nm":"G","bm":0,"it":[{"ty":"sh","nm":"P","ind":0,"ks":{"k":{"i":[[0,0],[0,0]],"o":[[0,0],[0,0]],"v":[[1310.771,1230.575],[1462.599,1230.575]],"c":false},"a":0}},{"ty":"st","nm":"S","bm":0,"lc":1,"lj":1,"ml":10,"o":{"a":0,"k":100},"w":{"a":0,"k":12.901},"c":{"a":0,"k":[0.0975,0.2025,0.1797,1]}},{"ty":"tr","o":{"a":0,"k":100},"r":{"a":0,"k":0},"p":{"a":0,"k":[0,0]},"a":{"a":0,"k":[0,0]},"s":{"a":0,"k":[100,100]},"nm":"T","sk":{"a":0,"k":0},"sa":{"a":0,"k":0}}]},{"ty":"gr","nm":"G","bm":0,"it":[{"ty":"sh","nm":"P","ind":0,"ks":{"k":{"i":[[0,0],[0,0],[-1.714,-4.381],[0,0]],"o":[[0,0],[4.705,0],[0,0],[0,0]],"v":[[-75.309,-59.958],[20.585,-59.958],[31.228,-52.693],[75.309,59.958]],"c":false},"a":0}},{"ty":"st","nm":"S","bm":0,"lc":1,"lj":1,"ml":10,"o":{"a":0,"k":100},"w":{"a":0,"k":7.337},"c":{"a":0,"k":[0.0975,0.2025,0.1797,1]}},{"ty":"tr","o":{"a":0,"k":100},"r":{"a":0,"k":0},"p":{"a":0,"k":[1245.072,1195.961]},"a":{"a":0,"k":[0,0]},"s":{"a":0,"k":[100,100]},"nm":"T","sk":{"a":0,"k":0},"sa":{"a":0,"k":0}}]},{"ty":"gr","nm":"G","bm":0,"it":[{"ty":"sh","nm":"P","ind":0,"ks":{"k":{"i":[[-2.493,2.181],[0,0],[13.584,0],[0,0],[0,11.052],[0,0],[0.012,0.048],[2.889,-0.106],[0,0],[-15.877,0],[0,0],[-3.559,-9.311],[0,0],[-1.801,0],[0,0]],"o":[[0,0],[-4.835,-12.653],[0,0],[-11.05,0],[0,0],[-0.013,-0.048],[-2.884,0.261],[0,0],[0,15.843],[0,0],[9.97,0],[0,0],[0.643,1.682],[0,0],[-0.815,-3.233]],"v":[[89.18,147.081],[52.248,50.494],[21.477,29.34],[-60.449,29.435],[-80.49,9.392],[-80.49,-156.04],[-80.523,-156.184],[-89.18,-155.64],[-89.18,9.392],[-60.415,38.124],[21.514,38.03],[44.133,53.597],[82.29,153.391],[86.348,156.184],[86.658,156.184]],"c":true},"a":0}},{"ty":"fl","nm":"F","bm":0,"c":{"a":0,"k":[0.0975,0.2025,0.1797,1]},"o":{"a":0,"k":100},"r":1},{"ty":"tr","o":{"a":0,"k":100},"r":{"a":0,"k":0},"p":{"a":0,"k":[1251.123,1078.301]},"a":{"a":0,"k":[0,0]},"s":{"a":0,"k":[100,100]},"nm":"T","sk":{"a":0,"k":0},"sa":{"a":0,"k":0}}]},{"ty":"gr","nm":"G","bm":0,"it":[{"ty":"sh","nm":"P","ind":0,"ks":{"k":{"i":[[0,0],[0,0],[0,0],[0,0],[0,0],[-14.258,0.016],[0,0],[-4.476,-11.068],[0,0],[0,0]],"o":[[0,0],[0,0],[0,0],[0,0],[0,13.48],[0,0],[12.534,-0.013],[0,0],[0,0],[0,0]],"v":[[90.537,20.348],[3.266,19.58],[3.266,-160.249],[-145.686,-160.249],[-145.686,17.801],[-119.861,42.188],[-33.226,42.094],[-4.974,60.454],[35.388,160.249],[145.686,160.249]],"c":true},"a":0}},{"ty":"fl","nm":"F","bm":0,"c":{"a":0,"k":[0.1647,0.7922,0.6745,1]},"o":{"a":0,"k":100},"r":1},{"ty":"tr","o":{"a":0,"k":100},"r":{"a":0,"k":0},"p":{"a":0,"k":[1313.712,1069.891]},"a":{"a":0,"k":[0,0]},"s":{"a":0,"k":[100,100]},"nm":"T","sk":{"a":0,"k":0},"sa":{"a":0,"k":0}}]},{"ty":"gr","nm":"G","bm":0,"it":[{"ty":"sh","nm":"P","ind":0,"ks":{"k":{"i":[[0,0],[0,0],[0,0]],"o":[[0,0],[0,0],[0,0]],"v":[[-67.199,-37.944],[-67.199,37.944],[67.199,37.944]],"c":false},"a":0}},{"ty":"st","nm":"S","bm":0,"lc":1,"lj":1,"ml":10,"o":{"a":0,"k":100},"w":{"a":0,"k":7.337},"c":{"a":0,"k":[0.0975,0.2025,0.1797,1]}},{"ty":"tr","o":{"a":0,"k":100},"r":{"a":0,"k":0},"p":{"a":0,"k":[1254.921,1140.349]},"a":{"a":0,"k":[0,0]},"s":{"a":0,"k":[100,100]},"nm":"T","sk":{"a":0,"k":0},"sa":{"a":0,"k":0}}]},{"ty":"gr","nm":"G","bm":0,"it":[{"ty":"sh","nm":"P","ind":0,"ks":{"k":{"i":[[0,0],[0,0],[0,0],[0,0],[0,-4.656]],"o":[[0,0],[0,0],[0,0],[4.656,0],[0,0]],"v":[[50.073,6.191],[-50.073,6.191],[-50.073,-6.191],[41.642,-6.191],[50.073,2.239]],"c":true},"a":0}},{"ty":"fl","nm":"F","bm":0,"c":{"a":0,"k":[0.0975,0.2025,0.1797,1]},"o":{"a":0,"k":100},"r":1},{"ty":"tr","o":{"a":0,"k":100},"r":{"a":0,"k":0},"p":{"a":0,"k":[1352.337,1028.653]},"a":{"a":0,"k":[0,0]},"s":{"a":0,"k":[100,100]},"nm":"T","sk":{"a":0,"k":0},"sa":{"a":0,"k":0}}]}],"ip":0,"op":180,"st":0,"ty":4},{"ind":6,"nm":"B","sr":1,"ks":{"o":{"a":0,"k":100},"r":{"a":0,"k":0},"p":{"a":0,"k":[1002.02,780.53,0]},"a":{"a":0,"k":[1002.02,780.53,0]},"s":{"a":0,"k":[100,100,100]}},"shapes":[{"ty":"gr","nm":"G","bm":0,"it":[{"ty":"sh","nm":"P","ind":0,"ks":{"k":{"i":[[5.147,0],[0,0],[0,6.474],[-5.147,0],[0,0],[0,-6.473]],"o":[[0,0],[-5.147,0],[0,-6.473],[0,0],[5.147,0],[0,6.474]],"v":[[771.97,11.721],[-771.971,11.721],[-781.29,-0.001],[-771.971,-11.722],[771.97,-11.722],[781.29,-0.001]],"c":true},"a":0}},{"ty":"fl","nm":"F","bm":0,"c":{"a":0,"k":[0.004,0.196,0.1544,1]},"o":{"a":0,"k":100},"r":1},{"ty":"tr","o":{"a":0,"k":100},"r":{"a":0,"k":0},"p":{"a":0,"k":[1002.021,1296.169]},"a":{"a":0,"k":[0,0]},"s":{"a":0,"k":[110,100]},"nm":"T","sk":{"a":0,"k":0},"sa":{"a":0,"k":0}}]},{"ty":"gr","nm":"G","bm":0,"it":[{"ty":"sh","nm":"P","ind":0,"ks":{"k":{"i":[[0.426,-0.307],[-69.178,-118.293],[-5.809,10.451],[219.853,195.615],[95.223,21.429],[115.06,-65.129],[90.853,-119.368],[68.689,-29.53],[65.544,-46.552]],"o":[[-117.68,84.718],[74.011,2.773],[132.582,-238.527],[-72.919,-64.88],[-128.988,-29.028],[-136.189,77.089],[-44.769,58.819],[-72.546,31.187],[-0.429,0.305]],"v":[[-706.797,135.918],[-763.426,502.72],[680.583,502.72],[612.75,-356.4],[352.744,-484.143],[-32.426,-439.921],[-320.664,-94.603],[-485.933,46.142],[-705.514,135.001]],"c":true},"a":0}},{"ty":"fl","nm":"F","bm":0,"c":{"a":0,"k":[0.919,0.961,0.961,1]},"o":{"a":0,"k":100},"r":1},{"ty":"tr","o":{"a":0,"k":100},"r":{"a":0,"k":0},"p":{"k":[{"i":{"x":0.667,"y":1},"o":{"x":0.167,"y":0.167},"t":0,"s":[1015.946,794.935],"ti":[1.667,0],"to":[9.333,0]},{"i":{"x":0.667,"y":1},"o":{"x":0.333,"y":0},"t":45,"s":[1071.946,794.935],"ti":[9.333,0],"to":[-1.667,0]},{"i":{"x":0.833,"y":0.833},"o":{"x":0.333,"y":0},"t":135,"s":[1005.946,794.935],"ti":[-1.667,0],"to":[-9.333,0]},{"t":180,"s":[1015.946,794.935]}],"a":1},"a":{"a":0,"k":[0,0]},"s":{"a":0,"k":[100,100]},"nm":"T","sk":{"a":0,"k":0},"sa":{"a":0,"k":0}}]}],"ip":0,"op":180,"st":0,"ty":4}],"markers":[]}