{"v":"4.8.0","ip":0,"op":180,"fr":29,"w":2005,"h":1562,"nm":"5","assets":[],"layers":[{"ind":1,"nm":"S","sr":1,"ks":{"o":{"a":0,"k":100},"r":{"a":0,"k":0},"p":{"a":0,"k":[1002.02,780.53,0]},"a":{"a":0,"k":[1002.02,780.53,0]},"s":{"a":0,"k":[100,100,100]}},"shapes":[{"ty":"gr","nm":"G","bm":0,"it":[{"ty":"gr","nm":"G","bm":0,"it":[{"ty":"sh","nm":"P","ind":0,"ks":{"k":{"i":[[0,0],[0,0],[0,0],[0,0]],"o":[[0,0],[0,0],[0,0],[0,0]],"v":[[-78.663,-22.758],[78.664,-22.758],[78.664,22.758],[-78.663,22.758]],"c":true},"a":0}},{"ty":"fl","nm":"F","bm":0,"c":{"a":0,"k":[0.9529,0.9804,0.9804,1]},"o":{"a":0,"k":100},"r":1},{"ty":"tr","o":{"a":0,"k":100},"r":{"a":0,"k":0},"p":{"a":0,"k":[1498.575,1192.858]},"a":{"a":0,"k":[0,0]},"s":{"a":0,"k":[100,100]},"nm":"T","sk":{"a":0,"k":0},"sa":{"a":0,"k":0}}]},{"ty":"gr","nm":"G","bm":0,"it":[{"ty":"sh","nm":"P","ind":0,"ks":{"k":{"i":[[0,0],[0,0],[0,0],[0,0]],"o":[[0,0],[0,0],[0,0],[0,0]],"v":[[22.758,78.663],[-22.758,78.663],[-22.758,-78.664],[22.758,-78.664]],"c":true},"a":0}},{"ty":"fl","nm":"F","bm":0,"c":{"a":0,"k":[0.9529,0.9804,0.9804,1]},"o":{"a":0,"k":100},"r":1},{"ty":"tr","o":{"a":0,"k":100},"r":{"a":0,"k":0},"p":{"a":0,"k":[1498.575,1192.859]},"a":{"a":0,"k":[0,0]},"s":{"a":0,"k":[100,100]},"nm":"T","sk":{"a":0,"k":0},"sa":{"a":0,"k":0}}]},{"ty":"gr","nm":"G","bm":0,"it":[{"ty":"sh","nm":"P","ind":0,"ks":{"k":{"i":[[48.347,-17.81],[16.512,49.182],[0.03,38.616],[-13.229,5.943],[-33.006,0],[-15.031,-9.558],[14.18,-42.236]],"o":[[-48.347,-17.81],[-14.18,-42.236],[5.815,-3.696],[19.226,-8.639],[51.958,0],[-0.03,38.615],[-16.512,49.182]],"v":[[0,130.917],[-96.427,31.296],[-111.309,-96.333],[-82.08,-111.98],[0,-130.917],[111.309,-96.338],[96.427,31.296]],"c":true},"a":0}},{"ty":"fl","nm":"F","bm":0,"c":{"a":0,"k":[0.4524,0.8076,0.7425,1]},"o":{"a":0,"k":100},"r":1},{"ty":"tr","o":{"a":0,"k":100},"r":{"a":0,"k":0},"p":{"a":0,"k":[1498.575,1202.753]},"a":{"a":0,"k":[0,0]},"s":{"a":0,"k":[100,100]},"nm":"T","sk":{"a":0,"k":0},"sa":{"a":0,"k":0}}]},{"ty":"gr","nm":"G","bm":0,"it":[{"ty":"sh","nm":"P","ind":0,"ks":{"k":{"i":[[0,80.144],[69.012,0],[0,0],[-125.411,-43.041]],"o":[[0,0],[-69.013,0],[0,80.144],[125.41,-43.041]],"v":[[124.669,-103.871],[0.001,-144.685],[-124.668,-103.871],[0.001,144.685]],"c":true},"a":0}},{"ty":"fl","nm":"F","bm":0,"c":{"a":0,"k":[0.1647,0.7922,0.6745,1]},"o":{"a":0,"k":100},"r":1},{"ty":"tr","o":{"a":0,"k":100},"r":{"a":0,"k":0},"p":{"a":0,"k":[1498.575,1203.163]},"a":{"a":0,"k":[0,0]},"s":{"a":0,"k":[100,100]},"nm":"T","sk":{"a":0,"k":0},"sa":{"a":0,"k":0}}]},{"ty":"tr","o":{"a":0,"k":100},"r":{"a":0,"k":0},"p":{"a":0,"k":[1495.575,1347.163]},"a":{"a":0,"k":[1495.575,1347.163]},"s":{"k":[{"i":{"x":[0.667,0.667],"y":[1,1]},"o":{"x":[0.333,0.333],"y":[0,0]},"t":0,"s":[100,100]},{"i":{"x":[0.667,0.667],"y":[1,1]},"o":{"x":[0.333,0.333],"y":[0,0]},"t":90,"s":[120,120]},{"t":180,"s":[100,100]}],"a":1},"nm":"T","sk":{"a":0,"k":0},"sa":{"a":0,"k":0}}]},{"ty":"gr","nm":"G","bm":0,"it":[{"ty":"gr","nm":"G","bm":0,"it":[{"ty":"sh","nm":"P","ind":0,"ks":{"k":{"i":[[0,0],[0,0],[0,0],[0,0],[0,0],[0,0],[0,0],[0,0],[0,0],[0,0],[0,0],[0,0]],"o":[[0,0],[0,0],[0,0],[0,0],[0,0],[0,0],[0,0],[0,0],[0,0],[0,0],[0,0],[0,0]],"v":[[33.537,-7.891],[7.891,-7.891],[7.891,-33.537],[-7.892,-33.537],[-7.892,-7.891],[-33.538,-7.891],[-33.538,7.891],[-7.892,7.891],[-7.892,33.538],[7.891,33.538],[7.891,7.891],[33.537,7.891]],"c":true},"a":0}},{"ty":"fl","nm":"F","bm":0,"c":{"a":0,"k":[0.9529,0.9804,0.9804,1]},"o":{"a":0,"k":100},"r":1},{"ty":"tr","o":{"a":0,"k":100},"r":{"a":0,"k":0},"p":{"a":0,"k":[743.873,801.19]},"a":{"a":0,"k":[0,0]},"s":{"a":0,"k":[100,100]},"nm":"T","sk":{"a":0,"k":0},"sa":{"a":0,"k":0}}]},{"ty":"gr","nm":"G","bm":0,"it":[{"ty":"sh","nm":"P","ind":0,"ks":{"k":{"i":[[28.64,0],[0,0],[0,28.639],[0,0],[-28.64,0],[0,-28.639],[0,0]],"o":[[0,0],[-28.64,0],[0,0],[0,-28.639],[28.64,0],[0,0],[0,28.639]],"v":[[0.001,51.857],[0.001,51.857],[-51.857,0.001],[-51.857,0],[0.001,-51.856],[51.857,0],[51.857,0.001]],"c":true},"a":0}},{"ty":"fl","nm":"F","bm":0,"c":{"a":0,"k":[0.52,0.84,0.7813,1]},"o":{"a":0,"k":100},"r":1},{"ty":"tr","o":{"a":0,"k":100},"r":{"a":0,"k":0},"p":{"a":0,"k":[743.872,801.19]},"a":{"a":0,"k":[0,0]},"s":{"a":0,"k":[100,100]},"nm":"T","sk":{"a":0,"k":0},"sa":{"a":0,"k":0}}]},{"ty":"tr","o":{"a":0,"k":100},"r":{"a":0,"k":0},"p":{"a":0,"k":[743.872,801.19]},"a":{"a":0,"k":[743.872,801.19]},"s":{"k":[{"i":{"x":[0.667,0.667],"y":[1,1]},"o":{"x":[0.333,0.333],"y":[0,0]},"t":0,"s":[100,100]},{"i":{"x":[0.667,0.667],"y":[1,1]},"o":{"x":[0.333,0.333],"y":[0,0]},"t":45,"s":[120,120]},{"i":{"x":[0.667,0.667],"y":[1,1]},"o":{"x":[0.333,0.333],"y":[0,0]},"t":90,"s":[100,100]},{"i":{"x":[0.667,0.667],"y":[1,1]},"o":{"x":[0.333,0.333],"y":[0,0]},"t":135,"s":[120,120]},{"t":180,"s":[100,100]}],"a":1},"nm":"T","sk":{"a":0,"k":0},"sa":{"a":0,"k":0}}]},{"ty":"gr","nm":"G","bm":0,"it":[{"ty":"gr","nm":"G","bm":0,"it":[{"ty":"sh","nm":"P","ind":0,"ks":{"k":{"i":[[0,0],[0,0],[0,0],[0,0],[0,0],[0,0],[0,0],[0,0],[0,0],[0,0],[0,0],[0,0]],"o":[[0,0],[0,0],[0,0],[0,0],[0,0],[0,0],[0,0],[0,0],[0,0],[0,0],[0,0],[0,0]],"v":[[53.667,-12.628],[12.628,-12.628],[12.628,-53.667],[-12.628,-53.667],[-12.628,-12.628],[-53.667,-12.628],[-53.667,12.628],[-12.628,12.628],[-12.628,53.667],[12.628,53.667],[12.628,12.628],[53.667,12.628]],"c":true},"a":0}},{"ty":"fl","nm":"F","bm":0,"c":{"a":0,"k":[0.9529,0.9804,0.9804,1]},"o":{"a":0,"k":100},"r":1},{"ty":"tr","o":{"a":0,"k":100},"r":{"a":0,"k":0},"p":{"a":0,"k":[851.02,680.317]},"a":{"a":0,"k":[0,0]},"s":{"a":0,"k":[100,100]},"nm":"T","sk":{"a":0,"k":0},"sa":{"a":0,"k":0}}]},{"ty":"gr","nm":"G","bm":0,"it":[{"ty":"sh","nm":"P","ind":0,"ks":{"k":{"i":[[45.829,0],[0,0],[0,45.829],[-45.829,0],[0,-45.829]],"o":[[0,0],[-45.829,0],[0,-45.829],[45.829,0],[0,45.829]],"v":[[0,82.98],[0,82.98],[-82.98,0],[0,-82.98],[82.98,0]],"c":true},"a":0}},{"ty":"fl","nm":"F","bm":0,"c":{"a":0,"k":[0.52,0.84,0.7813,1]},"o":{"a":0,"k":100},"r":1},{"ty":"tr","o":{"a":0,"k":100},"r":{"a":0,"k":0},"p":{"a":0,"k":[851.02,680.317]},"a":{"a":0,"k":[0,0]},"s":{"a":0,"k":[100,100]},"nm":"T","sk":{"a":0,"k":0},"sa":{"a":0,"k":0}}]},{"ty":"tr","o":{"a":0,"k":100},"r":{"a":0,"k":0},"p":{"a":0,"k":[851.02,680.317]},"a":{"a":0,"k":[851.02,680.317]},"s":{"k":[{"i":{"x":[0.667,0.667],"y":[1,1]},"o":{"x":[0.333,0.333],"y":[0,0]},"t":0,"s":[100,100]},{"i":{"x":[0.667,0.667],"y":[1,1]},"o":{"x":[0.333,0.333],"y":[0,0]},"t":45,"s":[60,60]},{"i":{"x":[0.667,0.667],"y":[1,1]},"o":{"x":[0.333,0.333],"y":[0,0]},"t":90,"s":[100,100]},{"i":{"x":[0.667,0.667],"y":[1,1]},"o":{"x":[0.333,0.333],"y":[0,0]},"t":135,"s":[60,60]},{"t":180,"s":[100,100]}],"a":1},"nm":"T","sk":{"a":0,"k":0},"sa":{"a":0,"k":0}}]}],"ip":0,"op":180,"st":0,"ty":4},{"ind":2,"nm":"P","sr":1,"ks":{"o":{"a":0,"k":100},"r":{"a":0,"k":0},"p":{"a":0,"k":[800.464,1352.171,0]},"a":{"a":0,"k":[507.02,1281.53,0]},"s":{"k":[{"i":{"x":[0,0,0.667],"y":[1,1,1]},"o":{"x":[0.333,0.333,0.333],"y":[0,0,0]},"t":20,"s":[0,0,100]},{"i":{"x":[0.667,0.667,0.667],"y":[1,1,1]},"o":{"x":[0.333,0.333,0.333],"y":[0,0,0]},"t":40,"s":[70,70,100]},{"i":{"x":[0.667,0.667,0.667],"y":[1,1,1]},"o":{"x":[1,1,0.333],"y":[0,0,0]},"t":160,"s":[70,70,100]},{"t":180,"s":[0,0,100]}],"a":1}},"shapes":[{"ty":"gr","nm":"G","bm":0,"it":[{"ty":"sh","nm":"P","ind":0,"ks":{"k":{"i":[[0.128,0],[0,0],[0.084,0.09],[0,0.128],[0,0],[-0.083,0.09],[-0.138,0],[0,0],[-0.09,-0.09],[0,-0.128],[0,0],[0.089,-0.089]],"o":[[0,0],[-0.138,0],[-0.083,-0.089],[0,0],[0,-0.128],[0.084,-0.09],[0,0],[0.128,0],[0.089,0.09],[0,0],[0,0.128],[-0.09,0.09]],"v":[[-57.541,7.018],[-60.431,7.018],[-60.765,6.883],[-60.89,6.557],[-60.89,-6.575],[-60.765,-6.902],[-60.431,-7.036],[-57.541,-7.036],[-57.217,-6.902],[-57.083,-6.575],[-57.083,6.557],[-57.217,6.883]],"c":true},"a":0}},{"ty":"sh","nm":"P","ind":1,"ks":{"k":{"i":[[0,-0.128],[0,0],[0.09,-0.089],[0.128,0],[0,0],[0.141,0.077],[0.076,0.103],[0,0],[0.083,-0.019],[0,-0.128],[0,0],[0.09,-0.089],[0.128,0],[0,0],[0.09,0.09],[0,0.128],[0,0],[-0.089,0.09],[-0.128,0],[0,0],[-0.141,-0.07],[-0.077,-0.103],[0,0],[-0.083,0.013],[0,0.128],[0,0],[-0.09,0.09],[-0.128,0],[0,0],[-0.09,-0.09]],"o":[[0,0],[0,0.128],[-0.09,0.09],[0,0],[-0.128,0],[-0.141,-0.077],[0,0],[-0.077,-0.102],[-0.084,0.02],[0,0],[0,0.128],[-0.09,0.09],[0,0],[-0.128,0],[-0.089,-0.089],[0,0],[0,-0.128],[0.09,-0.09],[0,0],[0.128,0],[0.141,0.07],[0,0],[0.077,0.102],[0.083,-0.013],[0,0],[0,-0.128],[0.089,-0.09],[0,0],[0.128,0],[0.09,0.09]],"v":[[-41.278,-6.594],[-41.278,6.557],[-41.413,6.883],[-41.74,7.018],[-44.579,7.018],[-44.983,6.903],[-45.306,6.633],[-50.315,-0.423],[-50.555,-0.548],[-50.68,-0.327],[-50.68,6.557],[-50.815,6.883],[-51.145,7.018],[-54.023,7.018],[-54.353,6.883],[-54.487,6.557],[-54.487,-6.594],[-54.353,-6.921],[-54.026,-7.056],[-51.142,-7.056],[-50.738,-6.95],[-50.411,-6.69],[-45.412,0.366],[-45.172,0.5],[-45.047,0.289],[-45.047,-6.594],[-44.912,-6.921],[-44.586,-7.056],[-41.74,-7.056],[-41.413,-6.921]],"c":true},"a":0}},{"ty":"sh","nm":"P","ind":2,"ks":{"k":{"i":[[-0.103,-0.064],[-0.679,-0.257],[-0.59,0],[-0.295,0.16],[0,0.32],[0.128,0.096],[0.212,0.063],[0.282,0.038],[0.295,0.064],[0.378,0.07],[0.397,0.135],[0.391,0.205],[0.308,0.32],[0.186,0.442],[0,0.602],[-0.346,0.577],[-0.532,0.34],[-0.654,0.134],[-0.615,0],[-0.852,-0.314],[-0.782,-0.603],[-0.013,-0.128],[0.077,-0.103],[0,0],[0.128,-0.026],[0.102,0.077],[0.564,0.173],[0.474,0],[0.185,-0.006],[0.166,-0.044],[0.109,-0.102],[0,-0.179],[-0.269,-0.141],[-0.346,-0.102],[-0.32,-0.058],[-0.09,-0.012],[-0.551,-0.174],[-0.48,-0.34],[-0.327,-0.544],[0,-0.821],[0.269,-0.558],[0.481,-0.36],[0.673,-0.174],[0.82,0],[0.577,0.109],[0.5,0.192],[0.43,0.263],[0.359,0.294],[0.012,0.134],[-0.077,0.102],[0,0],[-0.128,0.026]],"o":[[0.692,0.449],[0.68,0.256],[0.564,0],[0.295,-0.16],[0,-0.167],[-0.128,-0.096],[-0.211,-0.065],[-0.282,-0.039],[-0.282,-0.052],[-0.378,-0.07],[-0.398,-0.134],[-0.391,-0.205],[-0.307,-0.321],[-0.186,-0.442],[0,-0.885],[0.347,-0.577],[0.531,-0.339],[0.654,-0.135],[1.077,0],[0.852,0.314],[0.103,0.089],[0.013,0.129],[0,0],[-0.076,0.102],[-0.128,0.026],[-0.654,-0.41],[-0.564,-0.173],[-0.141,0],[-0.186,0.007],[-0.167,0.045],[-0.109,0.103],[0,0.18],[0.269,0.141],[0.346,0.103],[0.321,0.057],[0.461,0.09],[0.551,0.173],[0.481,0.339],[0.326,0.545],[0,0.769],[-0.269,0.557],[-0.48,0.358],[-0.673,0.172],[-0.666,0],[-0.577,-0.109],[-0.5,-0.193],[-0.429,-0.263],[-0.103,-0.077],[-0.013,-0.135],[0,0],[0.077,-0.103],[0.128,-0.025]],"v":[[-36.799,2.192],[-34.742,3.25],[-32.838,3.634],[-31.55,3.394],[-31.108,2.673],[-31.3,2.279],[-31.81,2.039],[-32.55,1.885],[-33.415,1.731],[-34.405,1.548],[-35.568,1.24],[-36.751,0.731],[-37.799,-0.057],[-38.539,-1.201],[-38.818,-2.768],[-38.299,-4.96],[-36.981,-6.335],[-35.203,-7.046],[-33.3,-7.248],[-30.406,-6.777],[-27.955,-5.402],[-27.782,-5.076],[-27.878,-4.729],[-29.378,-2.595],[-29.685,-2.403],[-30.031,-2.48],[-31.858,-3.355],[-33.415,-3.614],[-33.905,-3.605],[-34.434,-3.528],[-34.847,-3.307],[-35.011,-2.884],[-34.607,-2.403],[-33.684,-2.038],[-32.685,-1.797],[-32.069,-1.692],[-30.55,-1.297],[-29.003,-0.528],[-27.791,0.798],[-27.301,2.846],[-27.705,4.836],[-28.83,6.211],[-30.56,7.009],[-32.8,7.268],[-34.665,7.104],[-36.28,6.653],[-37.674,5.97],[-38.856,5.134],[-39.029,4.817],[-38.933,4.461],[-37.453,2.327],[-37.145,2.134]],"c":true},"a":0}},{"ty":"sh","nm":"P","ind":3,"ks":{"k":{"i":[[0,0],[-0.09,0.09],[-0.128,0],[0,0],[-0.089,-0.09],[0,-0.128],[0,0],[-0.16,-0.327],[-0.238,-0.186],[-0.269,-0.077],[-0.218,0],[-0.27,0.077],[-0.231,0.186],[-0.164,0.326],[0,0.499],[0,0],[-0.09,0.09],[-0.128,0],[0,0],[-0.09,-0.09],[0,-0.128],[0,0],[0.288,-0.744],[0.538,-0.525],[0.753,-0.288],[0.923,0],[0.757,0.288],[0.538,0.526],[0.295,0.743],[0,0.91]],"o":[[0,-0.128],[0.089,-0.09],[0,0],[0.128,0],[0.09,0.09],[0,0],[0,0.499],[0.164,0.326],[0.237,0.186],[0.269,0.077],[0.218,0],[0.269,-0.077],[0.23,-0.186],[0.16,-0.327],[0,0],[0,-0.128],[0.09,-0.09],[0,0],[0.129,0],[0.09,0.09],[0,0],[0,0.91],[-0.288,0.743],[-0.538,0.526],[-0.756,0.288],[-0.923,0],[-0.753,-0.288],[-0.539,-0.525],[-0.294,-0.744],[0,0]],"v":[[-25.321,-6.575],[-25.186,-6.902],[-24.863,-7.036],[-21.972,-7.036],[-21.649,-6.902],[-21.514,-6.575],[-21.514,1.212],[-21.274,2.452],[-20.674,3.221],[-19.912,3.615],[-19.178,3.73],[-18.444,3.615],[-17.691,3.221],[-17.101,2.452],[-16.861,1.212],[-16.861,-6.575],[-16.727,-6.902],[-16.403,-7.036],[-13.513,-7.036],[-13.189,-6.902],[-13.054,-6.575],[-13.054,1.212],[-13.487,3.692],[-14.724,5.595],[-16.663,6.816],[-19.178,7.249],[-21.694,6.816],[-23.632,5.595],[-24.879,3.692],[-25.321,1.212]],"c":true},"a":0}},{"ty":"sh","nm":"P","ind":4,"ks":{"k":{"i":[[0.128,0],[0,0],[0.09,0.09],[0,0.128],[0,0],[-0.089,0.09],[-0.128,0],[0,0],[-0.628,-0.25],[-0.442,-0.449],[-0.25,-0.616],[0,-0.743],[0.096,-0.404],[0.179,-0.359],[0.244,-0.289],[0.308,-0.193],[0.032,-0.109],[-0.077,-0.102],[-0.538,-0.679],[-0.423,-0.564],[0.038,-0.121],[0.128,0],[0,0],[0.148,0.071],[0.077,0.102],[0.401,0.552],[0.395,0.564],[0.14,0.071],[0.128,0],[0,0],[0.09,-0.09],[0,-0.128],[0,0],[0.09,-0.089]],"o":[[0,0],[-0.128,0],[-0.089,-0.089],[0,0],[0,-0.128],[0.09,-0.09],[0,0],[0.743,0],[0.628,0.25],[0.443,0.449],[0.249,0.615],[0,0.41],[-0.096,0.403],[-0.179,0.358],[-0.243,0.288],[-0.103,0.076],[-0.032,0.109],[0.487,0.641],[0.539,0.679],[0.077,0.103],[-0.038,0.122],[0,0],[-0.128,0],[-0.147,-0.07],[-0.407,-0.539],[-0.403,-0.551],[-0.077,-0.103],[-0.141,-0.07],[0,0],[-0.125,0],[-0.089,0.09],[0,0],[0,0.128],[-0.089,0.09]],"v":[[-6.809,7.018],[-9.687,7.018],[-10.017,6.883],[-10.151,6.557],[-10.151,-6.594],[-10.017,-6.921],[-9.69,-7.056],[-3.71,-7.056],[-1.653,-6.681],[-0.048,-5.633],[0.991,-4.037],[1.366,-1.999],[1.221,-0.778],[0.808,0.366],[0.173,1.337],[-0.653,2.058],[-0.855,2.336],[-0.788,2.653],[0.75,4.634],[2.192,6.499],[2.25,6.835],[2,7.018],[-1.576,7.018],[-1.99,6.912],[-2.326,6.653],[-3.541,5.018],[-4.736,3.346],[-5.062,3.086],[-5.463,2.98],[-5.886,2.98],[-6.21,3.115],[-6.344,3.442],[-6.344,6.557],[-6.479,6.883]],"c":true},"a":0}},{"ty":"sh","nm":"P","ind":5,"ks":{"k":{"i":[[-0.125,0],[0,0],[-0.164,0.058],[-0.141,0.122],[-0.09,0.18],[0,0.243],[0.045,0.173],[0.109,0.16],[0.185,0.109],[0.27,0],[0,0],[0.09,-0.089],[0,-0.129],[0,0],[-0.089,-0.09]],"o":[[0,0],[0.154,0],[0.166,-0.057],[0.138,-0.122],[0.09,-0.179],[0,-0.128],[-0.044,-0.173],[-0.106,-0.16],[-0.186,-0.108],[0,0],[-0.125,0],[-0.089,0.09],[0,0],[0,0.129],[0.09,0.09]],"v":[[-5.886,-0.557],[-3.858,-0.557],[-3.38,-0.644],[-2.919,-0.913],[-2.576,-1.365],[-2.442,-1.999],[-2.509,-2.451],[-2.739,-2.951],[-3.178,-3.355],[-3.858,-3.518],[-5.886,-3.518],[-6.21,-3.384],[-6.344,-3.056],[-6.344,-1.019],[-6.21,-0.692]],"c":true},"a":0}},{"ty":"sh","nm":"P","ind":6,"ks":{"k":{"i":[[0,0],[-0.122,0.084],[-0.141,0],[0,0],[-0.122,-0.083],[-0.052,-0.116],[0,0],[0.071,-0.129],[0.205,0],[0,0],[0.122,0.083],[0.064,0.116],[0,0],[0.122,0.084],[0.128,0],[0,0],[0.122,-0.083],[0.051,-0.115],[0,0],[0.122,-0.083],[0.128,0],[0,0],[0.071,0.025],[0.045,0.052],[0.012,0.077],[-0.051,0.102]],"o":[[0.051,-0.116],[0.121,-0.083],[0,0],[0.129,0],[0.122,0.084],[0,0],[0.051,0.116],[-0.07,0.128],[0,0],[-0.141,0],[-0.122,-0.083],[0,0],[-0.064,-0.115],[-0.122,-0.083],[0,0],[-0.141,0],[-0.121,0.084],[0,0],[-0.052,0.116],[-0.122,0.083],[0,0],[-0.064,0],[-0.07,-0.026],[-0.045,-0.051],[-0.013,-0.077],[0,0]],"v":[[8.114,-6.613],[8.374,-6.912],[8.768,-7.036],[11.459,-7.036],[11.834,-6.912],[12.094,-6.613],[17.708,6.46],[17.679,6.826],[17.266,7.018],[13.978,7.018],[13.584,6.893],[13.305,6.595],[12.786,5.441],[12.507,5.143],[12.132,5.018],[8.076,5.018],[7.681,5.143],[7.422,5.441],[6.884,6.595],[6.624,6.893],[6.249,7.018],[2.942,7.018],[2.74,6.98],[2.567,6.864],[2.481,6.672],[2.538,6.403]],"c":true},"a":0}},{"ty":"sh","nm":"P","ind":7,"ks":{"k":{"i":[[-0.141,0],[0,0],[-0.057,0.083],[0.064,0.115],[0.18,0.43],[0.154,0.371],[0.065,0],[0.052,-0.116],[0,0],[-0.051,-0.083]],"o":[[0,0],[0.129,0],[0.058,-0.083],[-0.128,-0.32],[-0.179,-0.429],[-0.051,-0.116],[-0.064,0],[0,0],[-0.051,0.115],[0.051,0.083]],"v":[[9.248,1.75],[10.959,1.75],[11.238,1.625],[11.229,1.327],[10.767,0.202],[10.267,-0.999],[10.094,-1.172],[9.921,-0.999],[8.96,1.327],[8.96,1.625]],"c":true},"a":0}},{"ty":"sh","nm":"P","ind":8,"ks":{"k":{"i":[[0,-0.128],[0,0],[0.09,-0.089],[0.128,0],[0,0],[0.141,0.077],[0.077,0.103],[0,0],[0.083,-0.019],[0,-0.128],[0,0],[0.09,-0.089],[0.128,0],[0,0],[0.089,0.09],[0,0.128],[0,0],[-0.09,0.09],[-0.129,0],[0,0],[-0.141,-0.07],[-0.077,-0.103],[0,0],[-0.083,0.013],[0,0.128],[0,0],[-0.09,0.09],[-0.129,0],[0,0],[-0.09,-0.09]],"o":[[0,0],[0,0.128],[-0.09,0.09],[0,0],[-0.128,0],[-0.141,-0.077],[0,0],[-0.077,-0.102],[-0.084,0.02],[0,0],[0,0.128],[-0.089,0.09],[0,0],[-0.128,0],[-0.09,-0.089],[0,0],[0,-0.128],[0.089,-0.09],[0,0],[0.128,0],[0.141,0.07],[0,0],[0.077,0.102],[0.084,-0.013],[0,0],[0,-0.128],[0.089,-0.09],[0,0],[0.128,0],[0.09,0.09]],"v":[[32.282,-6.594],[32.282,6.557],[32.147,6.883],[31.82,7.018],[28.981,7.018],[28.577,6.903],[28.254,6.633],[23.245,-0.423],[23.005,-0.548],[22.88,-0.327],[22.88,6.557],[22.745,6.883],[22.415,7.018],[19.538,7.018],[19.208,6.883],[19.073,6.557],[19.073,-6.594],[19.208,-6.921],[19.535,-7.056],[22.419,-7.056],[22.822,-6.95],[23.149,-6.69],[28.148,0.366],[28.388,0.5],[28.513,0.289],[28.513,-6.594],[28.648,-6.921],[28.975,-7.056],[31.82,-7.056],[32.147,-6.921]],"c":true},"a":0}},{"ty":"sh","nm":"P","ind":9,"ks":{"k":{"i":[[0.064,-0.115],[0.449,-0.491],[0.557,-0.347],[0.679,-0.19],[0.82,0],[0.897,0.385],[0.673,0.654],[0.384,0.884],[0,1],[-0.385,0.885],[-0.673,0.654],[-0.897,0.384],[-1.025,0],[-0.679,-0.192],[-0.551,-0.346],[-0.442,-0.494],[-0.372,-0.59],[0.039,-0.115],[0.116,-0.052],[0,0],[0.128,0.051],[0.064,0.103],[0.526,0.314],[0.743,0],[0.43,-0.205],[0.32,-0.34],[0.179,-0.451],[0,-0.474],[-0.18,-0.442],[-0.321,-0.334],[-0.429,-0.205],[-0.487,0],[-0.57,0.34],[-0.333,0.539],[-0.121,0.051],[-0.128,-0.052],[0,0],[-0.038,-0.109]],"o":[[-0.372,0.599],[-0.449,0.49],[-0.558,0.342],[-0.68,0.192],[-1.025,0],[-0.897,-0.384],[-0.673,-0.654],[-0.385,-0.885],[0,-0.999],[0.384,-0.884],[0.673,-0.654],[0.897,-0.385],[0.846,0],[0.679,0.192],[0.551,0.346],[0.442,0.494],[0.064,0.102],[-0.038,0.116],[0,0],[-0.128,0.051],[-0.129,-0.051],[-0.372,-0.589],[-0.525,-0.314],[-0.487,0],[-0.429,0.206],[-0.321,0.339],[-0.18,0.449],[0,0.487],[0.179,0.442],[0.32,0.333],[0.43,0.205],[0.705,0],[0.57,-0.339],[0.065,-0.102],[0.122,-0.052],[0,0],[0.116,0.052],[0.039,0.109]],"v":[[48.759,3.288],[47.528,4.926],[46.019,6.179],[44.164,6.98],[41.914,7.268],[39.03,6.691],[36.675,5.134],[35.089,2.827],[34.512,0],[35.089,-2.826],[36.675,-5.133],[39.03,-6.69],[41.914,-7.267],[44.202,-6.979],[46.048,-6.171],[47.538,-4.912],[48.759,-3.287],[48.797,-2.961],[48.566,-2.71],[45.836,-1.634],[45.452,-1.634],[45.163,-1.865],[43.817,-3.22],[41.914,-3.691],[40.539,-3.384],[39.415,-2.563],[38.665,-1.378],[38.396,0.01],[38.665,1.407],[39.415,2.574],[40.539,3.384],[41.914,3.692],[43.827,3.182],[45.182,1.865],[45.461,1.635],[45.836,1.635],[48.566,2.711],[48.797,2.952]],"c":true},"a":0}},{"ty":"sh","nm":"P","ind":10,"ks":{"k":{"i":[[0,-0.129],[0,0],[-0.09,-0.09],[-0.128,0],[0,0],[-0.09,-0.09],[0,-0.129],[0,0],[0.09,-0.09],[0.128,0],[0,0],[0.09,-0.09],[0,-0.128],[0,0],[-0.09,-0.089],[-0.128,0],[0,0],[-0.09,-0.089],[0,-0.128],[0,0],[0.09,-0.089],[0.128,0],[0,0],[0.09,0.09],[0,0.128],[0,0],[-0.09,0.09],[-0.128,0],[0,0],[-0.09,-0.09],[0,-0.128],[0,0],[0.09,-0.089],[0.128,0],[0,0],[0.09,-0.089]],"o":[[0,0],[0,0.128],[0.09,0.089],[0,0],[0.128,0],[0.09,0.09],[0,0],[0,0.128],[-0.09,0.09],[0,0],[-0.128,0],[-0.09,0.09],[0,0],[0,0.129],[0.09,0.09],[0,0],[0.128,0],[0.09,0.09],[0,0],[0,0.128],[-0.09,0.09],[0,0],[-0.128,0],[-0.09,-0.089],[0,0],[0,-0.128],[0.09,-0.09],[0,0],[0.128,0],[0.09,0.09],[0,0],[0,0.128],[-0.09,0.09],[0,0],[-0.128,0],[-0.09,0.09]],"v":[[53.988,-3.056],[53.988,-2.249],[54.123,-1.922],[54.45,-1.788],[59.66,-1.788],[59.987,-1.653],[60.121,-1.326],[60.121,1.327],[59.987,1.654],[59.66,1.788],[54.45,1.788],[54.123,1.923],[53.988,2.25],[53.988,2.98],[54.123,3.307],[54.45,3.442],[60.429,3.442],[60.756,3.576],[60.891,3.903],[60.891,6.557],[60.756,6.883],[60.429,7.018],[50.643,7.018],[50.316,6.883],[50.181,6.557],[50.181,-6.594],[50.316,-6.921],[50.643,-7.056],[60.429,-7.056],[60.756,-6.921],[60.891,-6.594],[60.891,-3.979],[60.756,-3.653],[60.429,-3.518],[54.45,-3.518],[54.123,-3.384]],"c":true},"a":0}},{"ty":"fl","nm":"F","bm":0,"c":{"a":0,"k":[0.9529,0.9804,0.9804,1]},"o":{"a":0,"k":100},"r":1},{"ty":"tr","o":{"a":0,"k":100},"r":{"a":0,"k":0},"p":{"a":0,"k":[507.977,962.482]},"a":{"a":0,"k":[0,0]},"s":{"a":0,"k":[100,100]},"nm":"T","sk":{"a":0,"k":0},"sa":{"a":0,"k":0}}]},{"ty":"gr","nm":"G","bm":0,"it":[{"ty":"sh","nm":"P","ind":0,"ks":{"k":{"i":[[-0.934,0],[0,0],[0,-0.934],[0,0],[0.934,0],[0,0],[0,0.934],[0,0]],"o":[[0,0],[0.934,0],[0,0],[0,0.934],[0,0],[-0.934,0],[0,0],[0,-0.934]],"v":[[-105.833,-19.17],[105.833,-19.17],[107.531,-17.471],[107.531,17.47],[105.833,19.169],[-105.833,19.169],[-107.531,17.47],[-107.531,-17.471]],"c":true},"a":0}},{"ty":"fl","nm":"F","bm":0,"c":{"a":0,"k":[0.52,0.84,0.7813,1]},"o":{"a":0,"k":100},"r":1},{"ty":"tr","o":{"a":0,"k":100},"r":{"a":0,"k":0},"p":{"a":0,"k":[507.977,961.695]},"a":{"a":0,"k":[0,0]},"s":{"a":0,"k":[100,100]},"nm":"T","sk":{"a":0,"k":0},"sa":{"a":0,"k":0}}]},{"ty":"gr","nm":"G","bm":0,"it":[{"ty":"gr","nm":"G","bm":0,"it":[{"ty":"sh","nm":"P","ind":0,"ks":{"k":{"i":[[0,0],[0,0],[0,0],[0,0],[0,0],[0,0],[0,0],[0,0],[0,0],[0,0],[0,0],[0,0]],"o":[[0,0],[0,0],[0,0],[0,0],[0,0],[0,0],[0,0],[0,0],[0,0],[0,0],[0,0],[0,0]],"v":[[16.949,-3.988],[3.988,-3.988],[3.988,-16.949],[-3.988,-16.949],[-3.988,-3.988],[-16.949,-3.988],[-16.949,3.988],[-3.988,3.988],[-3.988,16.949],[3.988,16.949],[3.988,3.988],[16.949,3.988]],"c":true},"a":0}},{"ty":"fl","nm":"F","bm":0,"c":{"a":0,"k":[0.9529,0.9804,0.9804,1]},"o":{"a":0,"k":100},"r":1},{"ty":"tr","o":{"a":0,"k":100},"r":{"a":0,"k":0},"p":{"a":0,"k":[510.246,909.248]},"a":{"a":0,"k":[0,0]},"s":{"a":0,"k":[100,100]},"nm":"T","sk":{"a":0,"k":0},"sa":{"a":0,"k":0}}]},{"ty":"gr","nm":"G","bm":0,"it":[{"ty":"sh","nm":"P","ind":0,"ks":{"k":{"i":[[14.474,0],[0,0],[0,14.474],[-14.474,0],[0,-14.474]],"o":[[0,0],[-14.474,0],[0,-14.474],[14.474,0],[0,14.474]],"v":[[0,26.207],[0,26.207],[-26.207,0],[0,-26.207],[26.207,0]],"c":true},"a":0}},{"ty":"fl","nm":"F","bm":0,"c":{"a":0,"k":[0.9865,0.6227,0.1135,1]},"o":{"a":0,"k":100},"r":1},{"ty":"tr","o":{"a":0,"k":100},"r":{"a":0,"k":0},"p":{"a":0,"k":[510.246,909.248]},"a":{"a":0,"k":[0,0]},"s":{"a":0,"k":[100,100]},"nm":"T","sk":{"a":0,"k":0},"sa":{"a":0,"k":0}}]},{"ty":"tr","o":{"a":0,"k":100},"r":{"a":0,"k":0},"p":{"a":0,"k":[510.246,909.248]},"a":{"a":0,"k":[510.246,909.248]},"s":{"k":[{"i":{"x":[0.667,0.667],"y":[1,1]},"o":{"x":[0.333,0.333],"y":[0,0]},"t":30,"s":[100,100]},{"i":{"x":[0.667,0.667],"y":[1,1]},"o":{"x":[0.333,0.333],"y":[0,0]},"t":46.625,"s":[120,120]},{"i":{"x":[0.667,0.667],"y":[1,1]},"o":{"x":[0.333,0.333],"y":[0,0]},"t":63.25,"s":[100,100]},{"i":{"x":[0.667,0.667],"y":[1,1]},"o":{"x":[0.333,0.333],"y":[0,0]},"t":79.875,"s":[120,120]},{"i":{"x":[0.667,0.667],"y":[1,1]},"o":{"x":[0.333,0.333],"y":[0,0]},"t":96,"s":[100,100]},{"i":{"x":[0.667,0.667],"y":[1,1]},"o":{"x":[0.333,0.333],"y":[0,0]},"t":113.125,"s":[120,120]},{"i":{"x":[0.667,0.667],"y":[1,1]},"o":{"x":[0.333,0.333],"y":[0,0]},"t":129.75,"s":[100,100]},{"i":{"x":[0.667,0.667],"y":[1,1]},"o":{"x":[0.333,0.333],"y":[0,0]},"t":146.375,"s":[120,120]},{"t":163,"s":[100,100]}],"a":1},"nm":"T","sk":{"a":0,"k":0},"sa":{"a":0,"k":0}}]},{"ty":"gr","nm":"G","bm":0,"it":[{"ty":"sh","nm":"P","ind":0,"ks":{"k":{"i":[[0,0],[0,0],[0,0],[0,0]],"o":[[0,0],[0,0],[0,0],[0,0]],"v":[[49.527,3.537],[-49.528,3.537],[-49.528,-3.537],[49.527,-3.537]],"c":true},"a":0}},{"ty":"fl","nm":"F","bm":0,"c":{"a":0,"k":[0.721,0.919,0.919,1]},"o":{"a":0,"k":100},"r":1},{"ty":"tr","o":{"a":0,"k":100},"r":{"a":0,"k":0},"p":{"a":0,"k":[577.847,1205.512]},"a":{"a":0,"k":[0,0]},"s":{"a":0,"k":[100,100]},"nm":"T","sk":{"a":0,"k":0},"sa":{"a":0,"k":0}}]},{"ty":"gr","nm":"G","bm":0,"it":[{"ty":"sh","nm":"P","ind":0,"ks":{"k":{"i":[[0,0],[0,0],[0,0],[0,0]],"o":[[0,0],[0,0],[0,0],[0,0]],"v":[[87.381,3.538],[-87.381,3.538],[-87.381,-3.537],[87.381,-3.537]],"c":true},"a":0}},{"ty":"fl","nm":"F","bm":0,"c":{"a":0,"k":[0.721,0.919,0.919,1]},"o":{"a":0,"k":100},"r":1},{"ty":"tr","o":{"a":0,"k":100},"r":{"a":0,"k":0},"p":{"a":0,"k":[539.993,1188.531]},"a":{"a":0,"k":[0,0]},"s":{"a":0,"k":[100,100]},"nm":"T","sk":{"a":0,"k":0},"sa":{"a":0,"k":0}}]},{"ty":"gr","nm":"G","bm":0,"it":[{"ty":"sh","nm":"P","ind":0,"ks":{"k":{"i":[[0,0],[0,0],[0,0],[0,0]],"o":[[0,0],[0,0],[0,0],[0,0]],"v":[[15.919,3.537],[-15.919,3.537],[-15.919,-3.538],[15.919,-3.538]],"c":true},"a":0}},{"ty":"fl","nm":"F","bm":0,"c":{"a":0,"k":[0.721,0.919,0.919,1]},"o":{"a":0,"k":100},"r":1},{"ty":"tr","o":{"a":0,"k":100},"r":{"a":0,"k":0},"p":{"a":0,"k":[468.531,1172.611]},"a":{"a":0,"k":[0,0]},"s":{"a":0,"k":[100,100]},"nm":"T","sk":{"a":0,"k":0},"sa":{"a":0,"k":0}}]},{"ty":"gr","nm":"G","bm":0,"it":[{"ty":"sh","nm":"P","ind":0,"ks":{"k":{"i":[[0,0],[0,0],[0,0],[0,0]],"o":[[0,0],[0,0],[0,0],[0,0]],"v":[[49.527,3.537],[-49.527,3.537],[-49.527,-3.537],[49.527,-3.537]],"c":true},"a":0}},{"ty":"fl","nm":"F","bm":0,"c":{"a":0,"k":[0.721,0.919,0.919,1]},"o":{"a":0,"k":100},"r":1},{"ty":"tr","o":{"a":0,"k":100},"r":{"a":0,"k":0},"p":{"a":0,"k":[502.139,1130.159]},"a":{"a":0,"k":[0,0]},"s":{"a":0,"k":[100,100]},"nm":"T","sk":{"a":0,"k":0},"sa":{"a":0,"k":0}}]},{"ty":"gr","nm":"G","bm":0,"it":[{"ty":"sh","nm":"P","ind":0,"ks":{"k":{"i":[[0,0],[0,0],[0,0],[0,0]],"o":[[0,0],[0,0],[0,0],[0,0]],"v":[[87.381,3.538],[-87.381,3.538],[-87.381,-3.537],[87.381,-3.537]],"c":true},"a":0}},{"ty":"fl","nm":"F","bm":0,"c":{"a":0,"k":[0.721,0.919,0.919,1]},"o":{"a":0,"k":100},"r":1},{"ty":"tr","o":{"a":0,"k":100},"r":{"a":0,"k":0},"p":{"a":0,"k":[539.993,1113.177]},"a":{"a":0,"k":[0,0]},"s":{"a":0,"k":[100,100]},"nm":"T","sk":{"a":0,"k":0},"sa":{"a":0,"k":0}}]},{"ty":"gr","nm":"G","bm":0,"it":[{"ty":"sh","nm":"P","ind":0,"ks":{"k":{"i":[[0,0],[0,0],[0,0],[0,0]],"o":[[0,0],[0,0],[0,0],[0,0]],"v":[[65.447,3.537],[-65.447,3.537],[-65.447,-3.537],[65.447,-3.537]],"c":true},"a":0}},{"ty":"fl","nm":"F","bm":0,"c":{"a":0,"k":[0.721,0.919,0.919,1]},"o":{"a":0,"k":100},"r":1},{"ty":"tr","o":{"a":0,"k":100},"r":{"a":0,"k":0},"p":{"a":0,"k":[518.059,1097.259]},"a":{"a":0,"k":[0,0]},"s":{"a":0,"k":[100,100]},"nm":"T","sk":{"a":0,"k":0},"sa":{"a":0,"k":0}}]},{"ty":"gr","nm":"G","bm":0,"it":[{"ty":"sh","nm":"P","ind":0,"ks":{"k":{"i":[[0,0],[0,0],[0,0],[0,0]],"o":[[0,0],[0,0],[0,0],[0,0]],"v":[[87.381,3.537],[-87.381,3.537],[-87.381,-3.537],[87.381,-3.537]],"c":true},"a":0}},{"ty":"fl","nm":"F","bm":0,"c":{"a":0,"k":[0.721,0.919,0.919,1]},"o":{"a":0,"k":100},"r":1},{"ty":"tr","o":{"a":0,"k":100},"r":{"a":0,"k":0},"p":{"a":0,"k":[539.993,1054.806]},"a":{"a":0,"k":[0,0]},"s":{"a":0,"k":[100,100]},"nm":"T","sk":{"a":0,"k":0},"sa":{"a":0,"k":0}}]},{"ty":"gr","nm":"G","bm":0,"it":[{"ty":"sh","nm":"P","ind":0,"ks":{"k":{"i":[[0,0],[0,0],[0,0],[0,0]],"o":[[0,0],[0,0],[0,0],[0,0]],"v":[[87.381,3.537],[-87.381,3.537],[-87.381,-3.537],[87.381,-3.537]],"c":true},"a":0}},{"ty":"fl","nm":"F","bm":0,"c":{"a":0,"k":[0.721,0.919,0.919,1]},"o":{"a":0,"k":100},"r":1},{"ty":"tr","o":{"a":0,"k":100},"r":{"a":0,"k":0},"p":{"a":0,"k":[539.993,1037.825]},"a":{"a":0,"k":[0,0]},"s":{"a":0,"k":[100,100]},"nm":"T","sk":{"a":0,"k":0},"sa":{"a":0,"k":0}}]},{"ty":"gr","nm":"G","bm":0,"it":[{"ty":"sh","nm":"P","ind":0,"ks":{"k":{"i":[[0,0],[0,0],[0,0],[0,0]],"o":[[0,0],[0,0],[0,0],[0,0]],"v":[[25.736,3.538],[-25.737,3.538],[-25.737,-3.538],[25.736,-3.538]],"c":true},"a":0}},{"ty":"fl","nm":"F","bm":0,"c":{"a":0,"k":[0.721,0.919,0.919,1]},"o":{"a":0,"k":100},"r":1},{"ty":"tr","o":{"a":0,"k":100},"r":{"a":0,"k":0},"p":{"a":0,"k":[478.349,1021.906]},"a":{"a":0,"k":[0,0]},"s":{"a":0,"k":[100,100]},"nm":"T","sk":{"a":0,"k":0},"sa":{"a":0,"k":0}}]},{"ty":"gr","nm":"G","bm":0,"it":[{"ty":"sh","nm":"P","ind":0,"ks":{"k":{"i":[[0,0],[0,0],[0,0],[0,0]],"o":[[0,0],[0,0],[0,0],[0,0]],"v":[[-27.063,9.64],[-11.32,26.267],[27.064,-26.267],[-11.542,18.086]],"c":true},"a":0}},{"ty":"fl","nm":"F","bm":0,"c":{"a":0,"k":[1,0.6,0.04,1]},"o":{"a":0,"k":100},"r":1},{"ty":"tr","o":{"a":1,"k":[{"i":{"x":[0.667],"y":[1]},"o":{"x":[0.333],"y":[0]},"t":80,"s":[0]},{"t":90,"s":[100]}]},"r":{"a":0,"k":0},"p":{"a":0,"k":[426.964,1176.591]},"a":{"a":0,"k":[0,0]},"s":{"a":0,"k":[100,100]},"nm":"T","sk":{"a":0,"k":0},"sa":{"a":0,"k":0}}]},{"ty":"gr","nm":"G","bm":0,"it":[{"ty":"sh","nm":"P","ind":0,"ks":{"k":{"i":[[0,0],[0,0],[0,0],[0,0]],"o":[[0,0],[0,0],[0,0],[0,0]],"v":[[22.288,22.288],[-22.288,22.288],[-22.288,-22.287],[22.288,-22.287]],"c":true},"a":0}},{"ty":"fl","nm":"F","bm":0,"c":{"a":0,"k":[0.721,0.919,0.919,1]},"o":{"a":0,"k":100},"r":1},{"ty":"tr","o":{"a":0,"k":100},"r":{"a":0,"k":0},"p":{"a":0,"k":[416.66,1191.051]},"a":{"a":0,"k":[0,0]},"s":{"a":0,"k":[100,100]},"nm":"T","sk":{"a":0,"k":0},"sa":{"a":0,"k":0}}]},{"ty":"gr","nm":"G","bm":0,"it":[{"ty":"sh","nm":"P","ind":0,"ks":{"k":{"i":[[0,0],[0,0],[0,0],[0,0]],"o":[[0,0],[0,0],[0,0],[0,0]],"v":[[-27.063,9.641],[-11.32,26.268],[27.064,-26.267],[-11.542,18.087]],"c":true},"a":0}},{"ty":"fl","nm":"F","bm":0,"c":{"a":0,"k":[1,0.6,0.04,1]},"o":{"a":0,"k":100},"r":1},{"ty":"tr","o":{"a":1,"k":[{"i":{"x":[0.667],"y":[1]},"o":{"x":[0.333],"y":[0]},"t":50,"s":[0]},{"t":60,"s":[100]}]},"r":{"a":0,"k":0},"p":{"a":0,"k":[426.964,1101.237]},"a":{"a":0,"k":[0,0]},"s":{"a":0,"k":[100,100]},"nm":"T","sk":{"a":0,"k":0},"sa":{"a":0,"k":0}}]},{"ty":"gr","nm":"G","bm":0,"it":[{"ty":"sh","nm":"P","ind":0,"ks":{"k":{"i":[[0,0],[0,0],[0,0],[0,0]],"o":[[0,0],[0,0],[0,0],[0,0]],"v":[[22.288,22.288],[-22.288,22.288],[-22.288,-22.287],[22.288,-22.287]],"c":true},"a":0}},{"ty":"fl","nm":"F","bm":0,"c":{"a":0,"k":[0.721,0.919,0.919,1]},"o":{"a":0,"k":100},"r":1},{"ty":"tr","o":{"a":0,"k":100},"r":{"a":0,"k":0},"p":{"a":0,"k":[416.66,1115.698]},"a":{"a":0,"k":[0,0]},"s":{"a":0,"k":[100,100]},"nm":"T","sk":{"a":0,"k":0},"sa":{"a":0,"k":0}}]},{"ty":"gr","nm":"G","bm":0,"it":[{"ty":"sh","nm":"P","ind":0,"ks":{"k":{"i":[[0,0],[0,0],[0,0],[0,0]],"o":[[0,0],[0,0],[0,0],[0,0]],"v":[[-27.063,9.641],[-11.32,26.267],[27.064,-26.268],[-11.542,18.087]],"c":true},"a":0}},{"ty":"fl","nm":"F","bm":0,"c":{"a":0,"k":[1,0.6,0.04,1]},"o":{"a":0,"k":100},"r":1},{"ty":"tr","o":{"a":1,"k":[{"i":{"x":[0.667],"y":[1]},"o":{"x":[0.333],"y":[0]},"t":30,"s":[0]},{"t":40,"s":[100]}]},"r":{"a":0,"k":0},"p":{"a":0,"k":[426.964,1025.885]},"a":{"a":0,"k":[0,0]},"s":{"a":0,"k":[100,100]},"nm":"T","sk":{"a":0,"k":0},"sa":{"a":0,"k":0}}]},{"ty":"gr","nm":"G","bm":0,"it":[{"ty":"sh","nm":"P","ind":0,"ks":{"k":{"i":[[0,0],[0,0],[0,0],[0,0]],"o":[[0,0],[0,0],[0,0],[0,0]],"v":[[22.288,22.287],[-22.288,22.287],[-22.288,-22.288],[22.288,-22.288]],"c":true},"a":0}},{"ty":"fl","nm":"F","bm":0,"c":{"a":0,"k":[0.721,0.919,0.919,1]},"o":{"a":0,"k":100},"r":1},{"ty":"tr","o":{"a":0,"k":100},"r":{"a":0,"k":0},"p":{"a":0,"k":[416.66,1040.346]},"a":{"a":0,"k":[0,0]},"s":{"a":0,"k":[100,100]},"nm":"T","sk":{"a":0,"k":0},"sa":{"a":0,"k":0}}]},{"ty":"gr","nm":"G","bm":0,"it":[{"ty":"sh","nm":"P","ind":0,"ks":{"k":{"i":[[0,0],[0,0],[0,0],[0,0],[0,0],[0,0],[0,0],[0,0],[0,0],[0,0]],"o":[[0,0],[0,0],[0,0],[0,0],[0,0],[0,0],[0,0],[0,0],[0,0],[0,0]],"v":[[2.145,-20.872],[-7.805,-20.872],[-7.805,-15.963],[-7.805,-14.482],[-3.073,-14.482],[-3.073,-15.963],[2.145,-15.963],[2.145,20.873],[7.805,20.873],[7.805,-20.872]],"c":true},"a":0}},{"ty":"fl","nm":"F","bm":0,"c":{"a":0,"k":[0.3404,0.5796,0.5357,1]},"o":{"a":0,"k":100},"r":1},{"ty":"tr","o":{"a":0,"k":100},"r":{"a":0,"k":0},"p":{"a":0,"k":[436.67,842.722]},"a":{"a":0,"k":[0,0]},"s":{"a":0,"k":[100,100]},"nm":"T","sk":{"a":0,"k":0},"sa":{"a":0,"k":0}}]},{"ty":"gr","nm":"G","bm":0,"it":[{"ty":"sh","nm":"P","ind":0,"ks":{"k":{"i":[[0,0],[0,0],[0,0],[0,0]],"o":[[0,0],[0,0],[0,0],[0,0]],"v":[[21.669,7.959],[-21.668,7.959],[-21.668,-6.898],[21.669,-6.898]],"c":true},"a":0}},{"ty":"sh","nm":"P","ind":1,"ks":{"k":{"i":[[0,0],[0,0],[0,0],[0,0]],"o":[[0,0],[0,0],[0,0],[0,0]],"v":[[-29.539,11.143],[29.539,11.143],[29.539,-11.143],[-29.539,-11.143]],"c":true},"a":0}},{"ty":"fl","nm":"F","bm":0,"c":{"a":0,"k":[0.406,0.714,0.6575,1]},"o":{"a":0,"k":100},"r":1},{"ty":"tr","o":{"a":0,"k":100},"r":{"a":0,"k":0},"p":{"a":0,"k":[512.221,810.706]},"a":{"a":0,"k":[0,0]},"s":{"a":0,"k":[100,100]},"nm":"T","sk":{"a":0,"k":0},"sa":{"a":0,"k":0}}]},{"ty":"gr","nm":"G","bm":0,"it":[{"ty":"sh","nm":"P","ind":0,"ks":{"k":{"i":[[0,0],[0,0],[0,0],[0,0]],"o":[[0,0],[0,0],[0,0],[0,0]],"v":[[21.669,7.959],[-21.668,7.959],[-21.668,-6.898],[21.669,-6.898]],"c":true},"a":0}},{"ty":"sh","nm":"P","ind":1,"ks":{"k":{"i":[[0,0],[0,0],[0,0],[0,0]],"o":[[0,0],[0,0],[0,0],[0,0]],"v":[[-29.539,11.143],[29.539,11.143],[29.539,-11.143],[-29.539,-11.143]],"c":true},"a":0}},{"ty":"fl","nm":"F","bm":0,"c":{"a":0,"k":[0.3404,0.5796,0.5357,1]},"o":{"a":0,"k":100},"r":1},{"ty":"tr","o":{"a":0,"k":100},"r":{"a":0,"k":0},"p":{"a":0,"k":[507.977,810.706]},"a":{"a":0,"k":[0,0]},"s":{"a":0,"k":[100,100]},"nm":"T","sk":{"a":0,"k":0},"sa":{"a":0,"k":0}}]},{"ty":"gr","nm":"G","bm":0,"it":[{"ty":"sh","nm":"P","ind":0,"ks":{"k":{"i":[[0,0],[0,0],[0,0],[0,0]],"o":[[0,0],[0,0],[0,0],[0,0]],"v":[[67.746,20.872],[-67.747,20.872],[-67.747,-20.872],[67.746,-20.872]],"c":true},"a":0}},{"ty":"fl","nm":"F","bm":0,"c":{"a":0,"k":[0.406,0.714,0.6575,1]},"o":{"a":0,"k":100},"r":1},{"ty":"tr","o":{"a":0,"k":100},"r":{"a":0,"k":0},"p":{"a":0,"k":[512.223,842.722]},"a":{"a":0,"k":[0,0]},"s":{"a":0,"k":[100,100]},"nm":"T","sk":{"a":0,"k":0},"sa":{"a":0,"k":0}}]},{"ty":"gr","nm":"G","bm":0,"it":[{"ty":"sh","nm":"P","ind":0,"ks":{"k":{"i":[[0,0],[0,0],[0,0],[0,0]],"o":[[0,0],[0,0],[0,0],[0,0]],"v":[[-141.154,-210.138],[141.154,-210.138],[141.154,210.139],[-141.154,210.139]],"c":true},"a":0}},{"ty":"fl","nm":"F","bm":0,"c":{"a":0,"k":[0.9529,0.9804,0.9804,1]},"o":{"a":0,"k":100},"r":1},{"ty":"tr","o":{"a":0,"k":100},"r":{"a":0,"k":0},"p":{"a":0,"k":[507.799,1046.845]},"a":{"a":0,"k":[0,0]},"s":{"a":0,"k":[100,100]},"nm":"T","sk":{"a":0,"k":0},"sa":{"a":0,"k":0}}]},{"ty":"gr","nm":"G","bm":0,"it":[{"ty":"sh","nm":"P","ind":0,"ks":{"k":{"i":[[7.496,0],[0,0],[0,7.496],[0,0],[-7.497,0],[0,0],[0,-7.497],[0,0]],"o":[[0,0],[-7.497,0],[0,0],[0,-7.497],[0,0],[7.496,0],[0,0],[0,7.496]],"v":[[141.378,223.936],[-141.376,223.936],[-154.951,210.363],[-154.951,-210.361],[-141.376,-223.935],[141.378,-223.935],[154.951,-210.361],[154.951,210.363]],"c":true},"a":0}},{"ty":"fl","nm":"F","bm":0,"c":{"a":0,"k":[0.0941,0.2941,0.251,1]},"o":{"a":0,"k":100},"r":1},{"ty":"tr","o":{"a":0,"k":100},"r":{"a":0,"k":0},"p":{"a":0,"k":[509.094,1052.152]},"a":{"a":0,"k":[0,0]},"s":{"a":0,"k":[100,100]},"nm":"T","sk":{"a":0,"k":0},"sa":{"a":0,"k":0}}]}],"ip":0,"op":180,"st":0,"ty":4},{"ind":3,"nm":"G","sr":1,"ks":{"o":{"a":0,"k":100},"r":{"a":0,"k":0},"p":{"a":0,"k":[590.02,1352.53,0]},"a":{"a":0,"k":[840.02,1290.53,0]},"s":{"k":[{"i":{"x":[0.667,0.667,0.667],"y":[1,1,1]},"o":{"x":[0.333,0.333,0.333],"y":[0,0,0]},"t":0,"s":[0,0,100]},{"i":{"x":[0.667,0.667,0.667],"y":[1,1,1]},"o":{"x":[0.333,0.333,0.333],"y":[0,0,0]},"t":4.286,"s":[120,120,100]},{"i":{"x":[0.667,0.667,0.667],"y":[1,1,1]},"o":{"x":[0.333,0.333,0.333],"y":[0,0,0]},"t":8.571,"s":[80,80,100]},{"i":{"x":[0.667,0.667,0.667],"y":[1,1,1]},"o":{"x":[0.333,0.333,0.333],"y":[0,0,0]},"t":17.143,"s":[100,100,100]},{"i":{"x":[0.667,0.667,0.667],"y":[1,1,1]},"o":{"x":[0.333,0.333,0.333],"y":[0,0,0]},"t":164,"s":[100,100,100]},{"i":{"x":[0.667,0.667,0.667],"y":[1,1,1]},"o":{"x":[0.333,0.333,0.333],"y":[0,0,0]},"t":172,"s":[80,80,100]},{"i":{"x":[0.667,0.667,0.667],"y":[1,1,1]},"o":{"x":[0.333,0.333,0.333],"y":[0,0,0]},"t":176,"s":[120,120,100]},{"t":180,"s":[0,0,100]}],"a":1}},"shapes":[{"ty":"gr","nm":"G","bm":0,"it":[{"ty":"gr","nm":"G","bm":0,"it":[{"ty":"gr","nm":"G","bm":0,"it":[{"ty":"sh","nm":"P","ind":0,"ks":{"k":{"i":[[3.134,-1.345],[0.477,-1.157],[-0.592,-1.114],[-3.609,0.719],[-0.232,0.199],[0.485,5.442],[0.706,1.192]],"o":[[-1.957,0.839],[-2.068,5.024],[1.656,3.117],[1.024,-0.204],[2.177,-1.854],[-0.3,-3.362],[-1.825,-3.083]],"v":[[-2.905,-10.764],[-6.144,-6.732],[-4.988,4.358],[4.103,11.389],[6.035,10.423],[7.469,-0.304],[6.313,-6.539]],"c":true},"a":0}},{"ty":"fl","nm":"F","bm":0,"c":{"a":0,"k":[0.966,0.711,0.354,1]},"o":{"a":0,"k":100},"r":1},{"ty":"tr","o":{"a":0,"k":100},"r":{"a":0,"k":0},"p":{"a":0,"k":[788.908,792.175]},"a":{"a":0,"k":[0,0]},"s":{"a":0,"k":[100,100]},"nm":"T","sk":{"a":0,"k":0},"sa":{"a":0,"k":0}}]},{"ty":"gr","nm":"G","bm":0,"it":[{"ty":"sh","nm":"P","ind":0,"ks":{"k":{"i":[[14.498,14.802],[3.702,0.517],[7.982,-11.429],[0.624,-8.041],[-1.458,-4.296],[-3.926,-3.933],[-13.084,-24.423],[-0.413,1.328],[0,0.001],[-0.317,0.841],[-2.857,1.849],[0,0],[-0.467,0.261],[-3.267,2.388],[-4.61,-0.43],[-1.638,-3.779],[-0.144,-2.719]],"o":[[-7.809,-7.973],[-16.079,-2.244],[-1.725,2.469],[-0.476,6.119],[3.278,9.657],[4.553,-2.152],[0.284,-0.76],[0.321,-1.029],[0.247,-0.899],[1.18,-3.245],[0,0],[0.447,-0.295],[2.978,-1.777],[9.594,-7.061],[4.338,0.404],[2.015,4.622],[0.443,-1.533]],"v":[[26.489,-23.271],[5.346,-33.24],[-34.335,-15.969],[-40.51,0.167],[-37.857,15.194],[-25.125,35.484],[-12.88,32.539],[-10.195,25.383],[-9.757,23.938],[-9.047,21.719],[-2.675,14.525],[-2.627,14.496],[-1.252,13.648],[8.393,7.809],[22.575,-6.255],[31.526,4.773],[34.206,16.304]],"c":true},"a":0}},{"ty":"fl","nm":"F","bm":0,"c":{"a":0,"k":[0.0946,0.3454,0.2911,1]},"o":{"a":0,"k":100},"r":1},{"ty":"tr","o":{"a":0,"k":100},"r":{"a":0,"k":0},"p":{"a":0,"k":[813.167,760.788]},"a":{"a":0,"k":[0,0]},"s":{"a":0,"k":[100,100]},"nm":"T","sk":{"a":0,"k":0},"sa":{"a":0,"k":0}}]},{"ty":"gr","nm":"G","bm":0,"it":[{"ty":"sh","nm":"P","ind":0,"ks":{"k":{"i":[[0,0],[-1.438,-0.125],[-1.45,-1.031],[0.765,2.022],[0,0]],"o":[[1.054,-0.166],[3.788,0.327],[-0.766,-2.022],[0,0],[0,0]],"v":[[-5.894,3.355],[-2.125,3.221],[5.894,6.232],[3.599,0.167],[-3.555,-6.232]],"c":true},"a":0}},{"ty":"fl","nm":"F","bm":0,"c":{"a":0,"k":[0.0874,0.2926,0.2481,1]},"o":{"a":0,"k":100},"r":1},{"ty":"tr","o":{"a":0,"k":100},"r":{"a":0,"k":0},"p":{"a":0,"k":[836.732,754.92]},"a":{"a":0,"k":[0,0]},"s":{"a":0,"k":[100,100]},"nm":"T","sk":{"a":0,"k":0},"sa":{"a":0,"k":0}}]},{"ty":"gr","nm":"G","bm":0,"it":[{"ty":"sh","nm":"P","ind":0,"ks":{"k":{"i":[[-1.143,8.499],[-15.17,-10.339],[0,0],[-0.038,-1.015],[-0.047,-0.603],[0,0],[3.576,-6.611],[7.399,-0.718],[4.29,1.474],[4.237,3.276],[1.444,4.112],[2.596,6.555],[-0.001,0.001]],"o":[[1.739,-12.926],[7.619,5.194],[0.543,1.849],[0.746,5.941],[0.586,7.533],[-1.543,14.713],[-1.93,3.568],[-2.142,0.208],[-4.733,-1.626],[-6.169,-4.768],[-11.849,-10.103],[-0.001,-0.001],[9.57,-3.968]],"v":[[-29.625,-15.028],[21.078,-39.427],[30.688,-27.469],[31.409,-23.011],[32.563,-11.954],[31.805,7.883],[25.86,36.557],[11.816,49.557],[3.24,47.555],[-10.095,41.153],[-20.695,25.992],[-31.354,-1.344],[-33.148,-0.891]],"c":true},"a":0}},{"ty":"fl","nm":"F","bm":0,"c":{"a":0,"k":[0.966,0.711,0.354,1]},"o":{"a":0,"k":100},"r":1},{"ty":"tr","o":{"a":0,"k":100},"r":{"a":0,"k":0},"p":{"a":0,"k":[813.444,775.65]},"a":{"a":0,"k":[0,0]},"s":{"a":0,"k":[100,100]},"nm":"T","sk":{"a":0,"k":0},"sa":{"a":0,"k":0}}]},{"ty":"gr","nm":"G","bm":0,"it":[{"ty":"sh","nm":"P","ind":0,"ks":{"k":{"i":[[2.789,-4.403],[3.996,-2.865],[5.311,-0.481],[3.692,0.988],[6.005,5.98],[1.001,3.754],[-15.659,16.101],[-7.299,-1.21],[-1.148,-0.251],[-7.992,-7.43],[-2.221,-11.821],[0.266,-2.235]],"o":[[-3.128,4.936],[-6.256,4.486],[-8.28,0.751],[-6.616,-1.772],[-5.776,-5.753],[-1.178,-4.416],[12.341,-12.691],[0.535,0.088],[3.777,0.824],[2.712,2.511],[1.048,5.58],[-1.158,9.74]],"v":[[35.615,24.941],[26.521,35.852],[8.396,41.312],[-9.867,39.451],[-29.558,29.873],[-38.192,13.728],[-28.854,-28.921],[7.791,-40.853],[10.445,-40.322],[31.015,-30.116],[43.466,-8.234],[43.762,4.008]],"c":true},"a":0}},{"ty":"fl","nm":"F","bm":0,"c":{"a":0,"k":[0.0946,0.3454,0.2911,1]},"o":{"a":0,"k":100},"r":1},{"ty":"tr","o":{"a":0,"k":100},"r":{"a":0,"k":0},"p":{"a":0,"k":[811.168,769.475]},"a":{"a":0,"k":[0,0]},"s":{"a":0,"k":[100,100]},"nm":"T","sk":{"a":0,"k":0},"sa":{"a":0,"k":0}}]},{"ty":"gr","nm":"G","bm":0,"it":[{"ty":"sh","nm":"P","ind":0,"ks":{"k":{"i":[[0.67,0.426],[5.579,-2.206],[2.463,-6.856],[-7.163,-0.75],[-1.944,4.918],[4.619,5.781]],"o":[[-1.371,-0.461],[-0.506,0.2],[-3.372,9.382],[6.649,0.696],[0.643,-1.626],[-0.815,-1.019]],"v":[[8.978,-15.791],[-2.913,-15.523],[-12.605,-5.687],[-2.617,17.033],[11.636,3.121],[11.358,-13.672]],"c":true},"a":0}},{"ty":"fl","nm":"F","bm":0,"c":{"a":0,"k":[1,0.749,0.4,1]},"o":{"a":0,"k":100},"r":1},{"ty":"tr","o":{"a":0,"k":100},"r":{"a":0,"k":0},"p":{"a":0,"k":[784.305,741.461]},"a":{"a":0,"k":[0,0]},"s":{"a":0,"k":[100,100]},"nm":"T","sk":{"a":0,"k":0},"sa":{"a":0,"k":0}}]},{"ty":"gr","nm":"G","bm":0,"it":[{"ty":"sh","nm":"P","ind":0,"ks":{"k":{"i":[[2.319,-5.069],[4.323,11.109],[2.853,6.915],[-16.205,24.734],[-5.279,-1.488],[-0.849,-9.626],[1.959,-13.408]],"o":[[0.584,-6.926],[-4.136,-10.628],[-3.574,-8.66],[5.279,1.488],[-6.678,16.817],[0.722,8.164],[-1.425,9.607]],"v":[[3.67,48.549],[-0.143,20.152],[-12.059,-0.743],[0.185,-48.549],[16.021,-44.085],[9.429,-4.378],[10.344,26.245]],"c":true},"a":0}},{"ty":"fl","nm":"F","bm":0,"c":{"a":0,"k":[0.0874,0.2926,0.2481,1]},"o":{"a":0,"k":100},"r":1},{"ty":"tr","o":{"a":0,"k":100},"r":{"a":0,"k":0},"p":{"a":0,"k":[773.771,780.241]},"a":{"a":0,"k":[0,0]},"s":{"a":0,"k":[100,100]},"nm":"T","sk":{"a":0,"k":0},"sa":{"a":0,"k":0}}]},{"ty":"gr","nm":"G","bm":0,"it":[{"ty":"sh","nm":"P","ind":0,"ks":{"k":{"i":[[2.319,-5.069],[5.645,6.29],[2.251,6.16],[-13.259,26.249],[-5.216,0.832],[-2.732,-2.649],[1.043,-2.631],[-0.849,-9.626],[1.959,-13.408]],"o":[[-3.734,-3.249],[-9.416,-10.505],[-4.906,-13.413],[6.825,-13.463],[6.883,-1.102],[-1.345,2.817],[-6.678,16.817],[0.722,8.164],[-1.425,9.607]],"v":[[9.931,54.31],[-4.607,39.947],[-20.967,18.032],[-5.973,-34.737],[10.026,-53.208],[25.873,-46.465],[22.282,-38.325],[15.69,1.382],[16.605,32.005]],"c":true},"a":0}},{"ty":"fl","nm":"F","bm":0,"c":{"a":0,"k":[0.0946,0.3454,0.2911,1]},"o":{"a":0,"k":100},"r":1},{"ty":"tr","o":{"a":0,"k":100},"r":{"a":0,"k":0},"p":{"a":0,"k":[767.51,774.48]},"a":{"a":0,"k":[0,0]},"s":{"a":0,"k":[100,100]},"nm":"T","sk":{"a":0,"k":0},"sa":{"a":0,"k":0}}]},{"ty":"tr","o":{"a":0,"k":100},"r":{"a":1,"k":[{"i":{"x":[0.667],"y":[1]},"o":{"x":[0.333],"y":[0]},"t":14,"s":[0]},{"i":{"x":[0.667],"y":[1]},"o":{"x":[0.333],"y":[0]},"t":52,"s":[8]},{"i":{"x":[0.667],"y":[1]},"o":{"x":[0.333],"y":[0]},"t":90,"s":[0]},{"i":{"x":[0.667],"y":[1]},"o":{"x":[0.333],"y":[0]},"t":128,"s":[8]},{"t":166,"s":[0]}]},"p":{"a":0,"k":[819.106,821.463]},"a":{"a":0,"k":[819.106,821.463]},"s":{"a":0,"k":[100,100]},"nm":"T","sk":{"a":0,"k":0},"sa":{"a":0,"k":0}}]},{"ty":"gr","nm":"G","bm":0,"it":[{"ty":"gr","nm":"G","bm":0,"it":[{"ty":"sh","nm":"P","ind":0,"ks":{"k":{"i":[[0,0],[4.412,-12.571],[-2.088,-4.533],[-5.44,12.802],[-12.016,4.915]],"o":[[0,0],[-5.042,14.367],[8.905,12.464],[0.172,-2.509],[4.912,-2.009]],"v":[[7.752,-51.427],[-3.441,-35.13],[-31.213,38.964],[-3.668,27.607],[28.389,-20.37]],"c":true},"a":0}},{"ty":"fl","nm":"F","bm":0,"c":{"a":0,"k":[0.7303,0.6967,0.6497,1]},"o":{"a":0,"k":100},"r":1},{"ty":"tr","o":{"a":0,"k":100},"r":{"a":0,"k":0},"p":{"a":0,"k":[767.236,895.758]},"a":{"a":0,"k":[0,0]},"s":{"a":0,"k":[100,100]},"nm":"T","sk":{"a":0,"k":0},"sa":{"a":0,"k":0}}]},{"ty":"gr","nm":"G","bm":0,"it":[{"ty":"sh","nm":"P","ind":0,"ks":{"k":{"i":[[0.911,-5.824],[0,0],[0,0],[-0.173,2.509]],"o":[[6.254,13.57],[0,0],[0,0],[-22.847,-5.467]],"v":[[-32.483,-2.284],[30.583,19.109],[32.484,0.599],[-4.94,-13.642]],"c":true},"a":0}},{"ty":"fl","nm":"F","bm":0,"c":{"a":0,"k":[0.7303,0.6967,0.6497,1]},"o":{"a":0,"k":100},"r":1},{"ty":"tr","o":{"a":0,"k":100},"r":{"a":0,"k":0},"p":{"a":0,"k":[768.507,937.006]},"a":{"a":0,"k":[0,0]},"s":{"a":0,"k":[100,100]},"nm":"T","sk":{"a":0,"k":0},"sa":{"a":0,"k":0}}]},{"ty":"gr","nm":"G","bm":0,"it":[{"ty":"sh","nm":"P","ind":0,"ks":{"k":{"i":[[0,0],[-2.479,0.06],[-3.287,-0.63],[-3.139,-0.234],[1.608,-2.089],[3.136,-0.004],[-0.232,-1.268],[-1.558,-1.785],[0.743,-1.09],[0.546,-0.952],[1.144,-1.687],[1.136,-1.775],[1.397,-1.392],[0.806,-1.039],[1.104,-0.97],[3.289,1.784],[1.993,3.654],[0,0]],"o":[[0,0],[2.48,-0.061],[3.288,0.63],[2.995,0.223],[-1.302,1.691],[-1.795,0.002],[0.233,1.269],[1.56,1.786],[-1.495,2.194],[-0.548,0.952],[-1.354,1.991],[-0.793,1.238],[-2.01,2.005],[-0.806,1.039],[-1.858,1.632],[-3.289,-1.783],[-2.845,-5.218],[0,0]],"v":[[-30.135,-22.868],[-7.662,-10.982],[4.962,-12.552],[15.53,-9.419],[22.925,-8.621],[16.442,-5.723],[10.25,-6.198],[19.112,2.577],[29.391,13.931],[15.513,5.214],[27.784,18.892],[11.798,9.052],[22.289,20.862],[7.216,10.874],[15.042,20.465],[0.44,10.306],[-9.013,0.737],[-26.164,-6.411]],"c":true},"a":0}},{"ty":"fl","nm":"F","bm":0,"c":{"a":0,"k":[0.9721,0.737,0.4079,1]},"o":{"a":0,"k":100},"r":1},{"ty":"tr","o":{"a":0,"k":100},"r":{"a":0,"k":0},"p":{"a":0,"k":[813.624,957.012]},"a":{"a":0,"k":[0,0]},"s":{"a":0,"k":[100,100]},"nm":"T","sk":{"a":0,"k":0},"sa":{"a":0,"k":0}}]},{"ty":"tr","o":{"a":0,"k":100},"r":{"a":1,"k":[{"i":{"x":[0.667],"y":[1]},"o":{"x":[0.333],"y":[0]},"t":14,"s":[0]},{"i":{"x":[0.667],"y":[1]},"o":{"x":[0.333],"y":[0]},"t":90,"s":[-11]},{"t":166,"s":[0]}]},"p":{"a":0,"k":[774.476,846.197]},"a":{"a":0,"k":[774.476,846.197]},"s":{"a":0,"k":[100,100]},"nm":"T","sk":{"a":0,"k":0},"sa":{"a":0,"k":0}}]},{"ty":"gr","nm":"G","bm":0,"it":[{"ty":"sh","nm":"P","ind":0,"ks":{"k":{"i":[[-0.01,-0.022],[1.529,-2.112],[1.319,-2.955],[0.843,-3.697],[0.638,-4.08],[-2.348,-12.397],[-0.011,0.379],[-0.124,-0.188],[-0.409,-0.595],[0.197,1.367],[-0.856,8.515],[-2.153,7.927],[-2.33,2.944],[-0.909,2.628],[1.191,1.478],[-0.018,-0.263]],"o":[[1.229,2.675],[-1.872,2.586],[-1.552,3.476],[-0.917,4.024],[-1.961,12.533],[0.209,-1.763],[0.148,0.188],[0.21,0.32],[-0.261,-1.357],[-1.22,-8.486],[0.822,-8.174],[0.978,-3.598],[1.707,-2.157],[0.609,-1.76],[-0.028,-0.035],[-0.104,-0.117]],"v":[[6.708,-37.667],[4.347,-30.029],[-0.708,-22.156],[-3.971,-11.242],[-6.411,0.877],[-6.257,38.596],[-5.919,36.056],[-5.672,36.414],[-4.717,37.803],[-5.402,33.716],[-5.683,8.039],[-1.1,-16.299],[3.625,-26.354],[7.947,-33.366],[7.415,-38.56],[7.541,-36.736]],"c":true},"a":0}},{"ty":"fl","nm":"F","bm":0,"c":{"a":0,"k":[0.5044,0.6556,0.6279,1]},"o":{"a":0,"k":100},"r":1},{"ty":"tr","o":{"a":0,"k":100},"r":{"a":0,"k":0},"p":{"a":0,"k":[833.331,928.69]},"a":{"a":0,"k":[0,0]},"s":{"a":0,"k":[100,100]},"nm":"T","sk":{"a":0,"k":0},"sa":{"a":0,"k":0}}]},{"ty":"gr","nm":"G","bm":0,"it":[{"ty":"sh","nm":"P","ind":0,"ks":{"k":{"i":[[0,0],[0,0],[0,0],[0,0]],"o":[[0,0],[0,0],[0,0],[0,0]],"v":[[-0.397,-24.066],[3.784,-11.522],[-0.261,25.316],[-3.784,-25.316]],"c":true},"a":0}},{"ty":"fl","nm":"F","bm":0,"c":{"a":0,"k":[0.5044,0.6556,0.6279,1]},"o":{"a":0,"k":100},"r":1},{"ty":"tr","o":{"a":0,"k":100},"r":{"a":0,"k":0},"p":{"a":0,"k":[841.134,866.314]},"a":{"a":0,"k":[0,0]},"s":{"a":0,"k":[100,100]},"nm":"T","sk":{"a":0,"k":0},"sa":{"a":0,"k":0}}]},{"ty":"gr","nm":"G","bm":0,"it":[{"ty":"sh","nm":"P","ind":0,"ks":{"k":{"i":[[0,0],[0,0],[0,0],[0,0],[0,0]],"o":[[0,0],[0,0],[0,0],[0,0],[0,0]],"v":[[-27.599,-24.28],[-23.654,-11.361],[27.598,25.477],[5.83,1.388],[-21.601,-25.478]],"c":true},"a":0}},{"ty":"fl","nm":"F","bm":0,"c":{"a":0,"k":[0.5044,0.6556,0.6279,1]},"o":{"a":0,"k":100},"r":1},{"ty":"tr","o":{"a":0,"k":100},"r":{"a":0,"k":0},"p":{"a":0,"k":[813.273,866.476]},"a":{"a":0,"k":[0,0]},"s":{"a":0,"k":[100,100]},"nm":"T","sk":{"a":0,"k":0},"sa":{"a":0,"k":0}}]},{"ty":"gr","nm":"G","bm":0,"it":[{"ty":"sh","nm":"P","ind":0,"ks":{"k":{"i":[[0.829,-1.104],[2.496,1.26],[4.923,-0.82],[6.108,0.019],[2.188,4.377],[-3.661,-1.121],[-4.923,-0.547],[-4.65,0.016],[-2.659,3.167],[0.356,-0.811]],"o":[[-2.539,0.083],[-4.502,-2.274],[-5.197,0.821],[-4.112,-0.012],[-2.188,-4.65],[4.467,1.368],[4.923,0.821],[18.103,-0.062],[-0.22,0.948],[-2.817,6.424]],"v":[[22.94,5.845],[15.295,4.131],[1.072,2.763],[-16.878,6.609],[-31.75,-0.041],[-25.277,-4.713],[-6.86,-0.519],[7.454,-0.701],[33.939,-6.628],[32.928,-3.952]],"c":true},"a":0}},{"ty":"fl","nm":"F","bm":0,"c":{"a":0,"k":[0.5044,0.6556,0.6279,1]},"o":{"a":0,"k":100},"r":1},{"ty":"tr","o":{"a":0,"k":100},"r":{"a":0,"k":0},"p":{"a":0,"k":[825.338,901.353]},"a":{"a":0,"k":[0,0]},"s":{"a":0,"k":[100,100]},"nm":"T","sk":{"a":0,"k":0},"sa":{"a":0,"k":0}}]},{"ty":"gr","nm":"G","bm":0,"it":[{"ty":"sh","nm":"P","ind":0,"ks":{"k":{"i":[[-2.462,13.129],[2.736,8.479],[0,0],[0,0],[0,0],[9.3,7.932],[0,0],[0,0],[-4.103,-14.77],[2.735,-13.402],[0,0],[-30.734,3.437],[0,0],[0,0],[0,0],[0,16.138],[-4.376,4.102]],"o":[[2.462,-13.129],[-2.735,-8.479],[0,0],[0,0],[0,0],[-9.3,-7.932],[0,0],[0,0],[4.103,14.77],[-2.736,13.402],[0,0],[0,0],[0,0],[16.242,-4.554],[0,0],[0,-16.138],[4.376,-4.103]],"v":[[46.771,-25.625],[36.924,-54.344],[32.822,-71.735],[23.796,-75.068],[27.317,-24.112],[-9.3,-62.823],[-21.882,-75.068],[-38.566,-71.735],[-32.549,-37.386],[-26.531,12.941],[-49.234,55.61],[10.797,71.632],[13.858,48.68],[27.466,68.46],[44.583,57.798],[30.633,20.326],[34.189,-8.393]],"c":true},"a":0}},{"ty":"fl","nm":"F","bm":0,"c":{"a":0,"k":[0.7303,0.6967,0.6497,1]},"o":{"a":0,"k":100},"r":1},{"ty":"tr","o":{"a":0,"k":100},"r":{"a":0,"k":0},"p":{"a":0,"k":[813.554,916.066]},"a":{"a":0,"k":[0,0]},"s":{"a":0,"k":[100,100]},"nm":"T","sk":{"a":0,"k":0},"sa":{"a":0,"k":0}}]},{"ty":"gr","nm":"G","bm":0,"it":[{"ty":"sh","nm":"P","ind":0,"ks":{"k":{"i":[[0,0],[0,0],[-12.696,1.094],[0,0],[0,0]],"o":[[0,0],[0,0],[12.696,-1.094],[0,0],[0,0]],"v":[[-3.555,-19.83],[-23.523,16.821],[2.074,20.924],[23.522,16.821],[11.488,-22.018]],"c":true},"a":0}},{"ty":"fl","nm":"F","bm":0,"c":{"a":0,"k":[0.9529,0.9804,0.9804,1]},"o":{"a":0,"k":100},"r":1},{"ty":"tr","o":{"a":0,"k":100},"r":{"a":0,"k":0},"p":{"a":0,"k":[820.518,963.342]},"a":{"a":0,"k":[0,0]},"s":{"a":0,"k":[100,100]},"nm":"T","sk":{"a":0,"k":0},"sa":{"a":0,"k":0}}]},{"ty":"gr","nm":"G","bm":0,"it":[{"ty":"sh","nm":"P","ind":0,"ks":{"k":{"i":[[-8.347,-5.233],[4.856,-0.756],[0,0],[-2.035,1.143],[0,0]],"o":[[0.352,7.001],[-7.02,1.095],[0,0],[1.818,-0.877],[0,0]],"v":[[8.726,-5.595],[3.631,10.712],[-9.078,-5.726],[-5.891,-6.869],[-1.156,-11.807]],"c":true},"a":0}},{"ty":"fl","nm":"F","bm":0,"c":{"a":0,"k":[0.9529,0.9804,0.9804,1]},"o":{"a":0,"k":100},"r":1},{"ty":"tr","o":{"a":0,"k":100},"r":{"a":0,"k":0},"p":{"a":0,"k":[828.978,846.724]},"a":{"a":0,"k":[0,0]},"s":{"a":0,"k":[100,100]},"nm":"T","sk":{"a":0,"k":0},"sa":{"a":0,"k":0}}]},{"ty":"gr","nm":"G","bm":0,"it":[{"ty":"sh","nm":"P","ind":0,"ks":{"k":{"i":[[0,0],[-6.838,1.641],[0,0],[4.179,2.527],[0,0]],"o":[[0,0],[10.37,-2.489],[0,0],[-2.897,-1.582],[0,0]],"v":[[-18.086,-6.64],[7.716,13.172],[10.142,-6.64],[3.531,-9.167],[-5.034,-14.813]],"c":true},"a":0}},{"ty":"fl","nm":"F","bm":0,"c":{"a":0,"k":[0.9529,0.9804,0.9804,1]},"o":{"a":0,"k":100},"r":1},{"ty":"tr","o":{"a":0,"k":100},"r":{"a":0,"k":0},"p":{"a":0,"k":[809.759,847.638]},"a":{"a":0,"k":[0,0]},"s":{"a":0,"k":[100,100]},"nm":"T","sk":{"a":0,"k":0},"sa":{"a":0,"k":0}}]},{"ty":"gr","nm":"G","bm":0,"it":[{"ty":"sh","nm":"P","ind":0,"ks":{"k":{"i":[[0,0],[0,0],[-4.115,0.137],[0,0],[0,0],[0,0],[21.733,0.82],[0,0]],"o":[[0,0],[0,0],[4.115,-0.137],[0,0],[0,0],[0,0],[-21.732,-0.821],[0,0]],"v":[[-31.329,-24.434],[-14.833,-31.659],[0.003,-26.474],[8.247,-31.15],[19.927,-23.52],[25.767,1.208],[7.715,30.839],[-28.126,3.039]],"c":true},"a":0}},{"ty":"fl","nm":"F","bm":0,"c":{"a":0,"k":[0.9529,0.9804,0.9804,1]},"o":{"a":0,"k":100},"r":1},{"ty":"tr","o":{"a":0,"k":100},"r":{"a":0,"k":0},"p":{"a":0,"k":[821.121,868.765]},"a":{"a":0,"k":[0,0]},"s":{"a":0,"k":[100,100]},"nm":"T","sk":{"a":0,"k":0},"sa":{"a":0,"k":0}}]},{"ty":"gr","nm":"G","bm":0,"it":[{"ty":"sh","nm":"P","ind":0,"ks":{"k":{"i":[[-0.484,-2.329],[0.774,0],[4.038,3.596],[0.024,0.877],[-3.87,-1.147]],"o":[[-0.688,0.113],[-6.185,0],[0.024,-1.404],[3.781,0.61],[0.095,1.536]],"v":[[10.191,5.025],[7.999,5.198],[-10.173,-0.6],[-10.19,-5.199],[9.876,1.273]],"c":true},"a":0}},{"ty":"fl","nm":"F","bm":0,"c":{"a":0,"k":[0.8416,0.5736,0.1984,1]},"o":{"a":0,"k":100},"r":1},{"ty":"tr","o":{"a":0,"k":100},"r":{"a":0,"k":0},"p":{"a":0,"k":[816.188,823.822]},"a":{"a":0,"k":[0,0]},"s":{"a":0,"k":[100,100]},"nm":"T","sk":{"a":0,"k":0},"sa":{"a":0,"k":0}}]},{"ty":"gr","nm":"G","bm":0,"it":[{"ty":"sh","nm":"P","ind":0,"ks":{"k":{"i":[[3.972,5.89],[0,0],[0,0],[4.447,-6.596],[0,0],[-28.616,0.1],[0,0]],"o":[[-4.447,-6.596],[0,0],[0,0],[-3.972,5.89],[0,0],[25.634,-0.09],[0,0]],"v":[[12.837,-7.469],[10.452,-31.391],[-10.452,-32.028],[-12.837,-8.106],[-30.211,-0.848],[0,31.928],[30.211,-0.211]],"c":true},"a":0}},{"ty":"fl","nm":"F","bm":0,"c":{"a":0,"k":[0.9721,0.737,0.4079,1]},"o":{"a":0,"k":100},"r":1},{"ty":"tr","o":{"a":0,"k":100},"r":{"a":0,"k":0},"p":{"a":0,"k":[816.016,844.381]},"a":{"a":0,"k":[0,0]},"s":{"a":0,"k":[100,100]},"nm":"T","sk":{"a":0,"k":0},"sa":{"a":0,"k":0}}]},{"ty":"gr","nm":"G","bm":0,"it":[{"ty":"gr","nm":"G","bm":0,"it":[{"ty":"sh","nm":"P","ind":0,"ks":{"k":{"i":[[-4.443,-21.875],[0,0],[-4.35,2.447],[11.098,0.247],[14.49,9.334],[0,0]],"o":[[2.37,11.67],[0,0],[9.142,-9.796],[-1.848,0.021],[-5.223,-3.365],[0,0]],"v":[[-38.681,-13.527],[-27.832,7.078],[33.983,35.49],[21.627,2.555],[-17.256,-25.288],[-39.319,-37.938]],"c":true},"a":0}},{"ty":"fl","nm":"F","bm":0,"c":{"a":0,"k":[0.7303,0.6967,0.6497,1]},"o":{"a":0,"k":100},"r":1},{"ty":"tr","o":{"a":0,"k":100},"r":{"a":0,"k":0},"p":{"a":0,"k":[885.696,882.268]},"a":{"a":0,"k":[0,0]},"s":{"a":0,"k":[100,100]},"nm":"T","sk":{"a":0,"k":0},"sa":{"a":0,"k":0}}]},{"ty":"gr","nm":"G","bm":0,"it":[{"ty":"gr","nm":"G","bm":0,"it":[{"ty":"sh","nm":"P","ind":0,"ks":{"k":{"i":[[-9.468,-1.361],[0,0],[0,0],[2.514,-0.03]],"o":[[13.023,-7.325],[0,0],[0,0],[-5.538,23.14]],"v":[[2.436,34.994],[9.758,-34.993],[-5.491,-34.446],[-9.92,2.058]],"c":true},"a":0}},{"ty":"fl","nm":"F","bm":0,"c":{"a":0,"k":[0.7303,0.6967,0.6497,1]},"o":{"a":0,"k":100},"r":1},{"ty":"tr","o":{"a":0,"k":100},"r":{"a":0,"k":0},"p":{"a":0,"k":[917.243,882.765]},"a":{"a":0,"k":[0,0]},"s":{"a":0,"k":[100,100]},"nm":"T","sk":{"a":0,"k":0},"sa":{"a":0,"k":0}}]},{"ty":"gr","nm":"G","bm":0,"it":[{"ty":"gr","nm":"G","bm":0,"it":[{"ty":"sh","nm":"P","ind":0,"ks":{"k":{"i":[[0,0],[-0.322,2.459],[-1.129,3.151],[-0.715,3.065],[-1.815,-1.911],[0.479,-3.099],[-1.289,0.034],[-1.77,1.434],[-0.962,-0.901],[0,0],[-1.686,-1.144],[0,0],[-1.161,-1.595],[0,0],[-0.789,-1.241],[0,0],[4.444,-1.778],[0,0]],"o":[[0,0],[0.322,-2.459],[1.129,-3.151],[0.683,-2.925],[1.471,1.547],[-0.275,1.774],[1.289,-0.034],[1.842,-1.492],[1.938,1.816],[0,0],[1.277,0.867],[0,0],[1.67,2.295],[0,0],[1.325,2.086],[0,0],[-3.36,1.344],[0,0]],"v":[[-15.568,27.547],[-14.947,7.307],[-15.568,-4.249],[-12.349,-14.301],[-9.271,-21.481],[-8.109,-14.506],[-8.997,-8.967],[2.182,-18.028],[14.759,-26.646],[4.404,-13.651],[-2.32,-5.207],[7.227,-10.015],[-1.812,-0.268],[8.321,-5.207],[1.419,2.042],[10.023,-1.949],[-2.228,9.837],[-4.417,26.932]],"c":true},"a":0}},{"ty":"fl","nm":"F","bm":0,"c":{"a":0,"k":[0.9721,0.737,0.4079,1]},"o":{"a":0,"k":100},"r":1},{"ty":"tr","o":{"a":0,"k":100},"r":{"a":0,"k":0},"p":{"a":0,"k":[929.292,827.268]},"a":{"a":0,"k":[0,0]},"s":{"a":0,"k":[100,100]},"nm":"T","sk":{"a":0,"k":0},"sa":{"a":0,"k":0}}]},{"ty":"gr","nm":"G","bm":0,"it":[{"ty":"sh","nm":"P","ind":0,"ks":{"k":{"i":[[0,0],[-0.322,2.459],[-1.129,3.151],[-0.715,3.065],[-1.815,-1.911],[0.479,-3.099],[-1.289,0.034],[-2.005,1.265],[-0.962,-0.901],[0,0],[-1.094,-0.753],[0,0],[-1.16,-1.595],[0,0],[-0.788,-1.241],[2.269,-2.975],[3.853,-1.573],[0,0]],"o":[[0,0],[0.322,-2.459],[1.129,-3.151],[0.683,-2.925],[1.471,1.547],[-0.275,1.774],[1.289,-0.034],[2.004,-1.265],[1.938,1.816],[0,0],[1.984,1.363],[0,0],[1.671,2.296],[0,0],[1.326,2.087],[-2.269,2.974],[-3.351,1.367],[0,0]],"v":[[-15.568,27.547],[-14.947,7.307],[-15.568,-4.249],[-12.349,-14.301],[-9.271,-21.481],[-8.109,-14.506],[-8.997,-8.967],[2.832,-17.891],[14.759,-26.646],[3.964,-13.262],[6.695,-13.48],[7.227,-10.015],[9.464,-9.241],[8.321,-5.207],[11.174,-5.162],[6.716,1.401],[-2.228,9.837],[-4.417,26.932]],"c":true},"a":0}},{"ty":"fl","nm":"F","bm":0,"c":{"a":0,"k":[0.8416,0.5736,0.1984,1]},"o":{"a":0,"k":100},"r":1},{"ty":"tr","o":{"a":0,"k":100},"r":{"a":0,"k":0},"p":{"a":0,"k":[929.292,827.268]},"a":{"a":0,"k":[0,0]},"s":{"a":0,"k":[100,100]},"nm":"T","sk":{"a":0,"k":0},"sa":{"a":0,"k":0}}]},{"ty":"tr","o":{"a":0,"k":100},"r":{"a":1,"k":[{"i":{"x":[0.667],"y":[1]},"o":{"x":[0.333],"y":[0]},"t":50,"s":[0]},{"i":{"x":[0.667],"y":[1]},"o":{"x":[0.333],"y":[0]},"t":91,"s":[-7]},{"t":132,"s":[0]}]},"p":{"a":0,"k":[919.82,853.688]},"a":{"a":0,"k":[919.82,853.688]},"s":{"a":0,"k":[100,100]},"nm":"T","sk":{"a":0,"k":0},"sa":{"a":0,"k":0}}]},{"ty":"tr","o":{"a":0,"k":100},"r":{"a":1,"k":[{"i":{"x":[0.667],"y":[1]},"o":{"x":[0.333],"y":[0]},"t":32,"s":[0]},{"i":{"x":[0.667],"y":[1]},"o":{"x":[0.333],"y":[0]},"t":60,"s":[17]},{"i":{"x":[0.667],"y":[1]},"o":{"x":[0.333],"y":[0]},"t":89,"s":[0]},{"i":{"x":[0.667],"y":[1]},"o":{"x":[0.333],"y":[0]},"t":117,"s":[17]},{"t":146,"s":[0]}]},"p":{"a":0,"k":[914.259,908.14]},"a":{"a":0,"k":[914.259,908.14]},"s":{"a":0,"k":[100,100]},"nm":"T","sk":{"a":0,"k":0},"sa":{"a":0,"k":0}}]},{"ty":"tr","o":{"a":0,"k":100},"r":{"a":1,"k":[{"i":{"x":[0.667],"y":[1]},"o":{"x":[0.333],"y":[0]},"t":14,"s":[32]},{"i":{"x":[0.667],"y":[1]},"o":{"x":[0.333],"y":[0]},"t":40,"s":[0]},{"i":{"x":[0.667],"y":[1]},"o":{"x":[0.333],"y":[0]},"t":138,"s":[0]},{"t":165,"s":[32]}]},"p":{"a":0,"k":[845.551,846.222]},"a":{"a":0,"k":[845.551,846.222]},"s":{"a":0,"k":[100,100]},"nm":"T","sk":{"a":0,"k":0},"sa":{"a":0,"k":0}}]},{"ty":"tr","o":{"a":0,"k":100},"r":{"a":1,"k":[{"i":{"x":[0.667],"y":[1]},"o":{"x":[0.333],"y":[0]},"t":14,"s":[0]},{"i":{"x":[0.667],"y":[1]},"o":{"x":[0.333],"y":[0]},"t":52,"s":[5]},{"i":{"x":[0.667],"y":[1]},"o":{"x":[0.333],"y":[0]},"t":90,"s":[0]},{"i":{"x":[0.667],"y":[1]},"o":{"x":[0.333],"y":[0]},"t":128,"s":[5]},{"t":166,"s":[0]}]},"p":{"a":0,"k":[824.076,974.633]},"a":{"a":0,"k":[824.076,974.633]},"s":{"a":0,"k":[100,100]},"nm":"T","sk":{"a":0,"k":0},"sa":{"a":0,"k":0}}]},{"ty":"gr","nm":"G","bm":0,"it":[{"ty":"sh","nm":"P","ind":0,"ks":{"k":{"i":[[0,0],[-1.701,-28.26],[1.097,-9.108],[-0.234,5.22],[0.519,32.978],[-1.774,8.25],[0,0]],"o":[[0,0],[4.906,81.469],[-0.985,8.187],[0.234,-5.22],[-0.49,-31.107],[1.774,-8.251],[0,0]],"v":[[29.823,-88.387],[48.518,-50.877],[34.027,80.2],[-42.314,76.87],[-52.934,-16.308],[-47.587,-69.37],[-36.488,-87.235]],"c":true},"a":0}},{"ty":"fl","nm":"F","bm":0,"c":{"a":0,"k":[0.064,0.096,0.0891,1]},"o":{"a":0,"k":100},"r":1},{"ty":"tr","o":{"a":0,"k":100},"r":{"a":0,"k":0},"p":{"a":0,"k":[811.103,1051.257]},"a":{"a":0,"k":[0,0]},"s":{"a":0,"k":[100,100]},"nm":"T","sk":{"a":0,"k":0},"sa":{"a":0,"k":0}}]},{"ty":"gr","nm":"G","bm":0,"it":[{"ty":"sh","nm":"P","ind":0,"ks":{"k":{"i":[[0,0],[-1.701,-28.26],[1.096,-9.109],[0.292,-9.033],[0,0],[4.688,-0.282],[0,0],[-0.916,29.415],[0.357,2.653],[0,0],[2.897,-9.745],[2.193,-4.517],[0.671,-2.506],[1.698,-3.664],[0,0],[0,0],[-3.148,8.139],[-0.234,5.22],[0.52,32.978],[-1.775,8.251],[0,0]],"o":[[0,0],[4.906,81.469],[-0.986,8.186],[-0.539,16.706],[0,0],[-4.55,0.274],[0,0],[0.464,-14.89],[-1.343,-9.966],[0,0],[-2.651,8.918],[-2.193,4.516],[-0.672,2.507],[-1.698,3.665],[0,0],[0,0],[3.202,-8.276],[0.234,-5.22],[-0.489,-31.107],[1.774,-8.251],[0,0]],"v":[[33.775,-140.113],[52.469,-102.603],[34.716,36.68],[31.64,63.182],[14.724,139.213],[9.964,139.839],[3.917,138.284],[2.997,61.541],[11.352,28.531],[6.908,-70.696],[-2.472,1.931],[-13.251,43.681],[-17.94,56.841],[-22.107,76.409],[-47.25,138.284],[-57.375,136.26],[-46.768,55.841],[-33.419,25.144],[-40.308,-68.139],[-34.961,-121.201],[-23.862,-139.066]],"c":true},"a":0}},{"ty":"fl","nm":"F","bm":0,"c":{"a":0,"k":[0.9721,0.737,0.4079,1]},"o":{"a":0,"k":100},"r":1},{"ty":"tr","o":{"a":0,"k":100},"r":{"a":0,"k":0},"p":{"a":0,"k":[804.67,1102.983]},"a":{"a":0,"k":[0,0]},"s":{"a":0,"k":[100,100]},"nm":"T","sk":{"a":0,"k":0},"sa":{"a":0,"k":0}}]},{"ty":"gr","nm":"G","bm":0,"it":[{"ty":"sh","nm":"P","ind":0,"ks":{"k":{"i":[[-0.565,0.683],[-1.153,-1.452],[-1.459,-3.738],[-6.382,0.547],[1.368,2.75],[-0.003,2.127],[-0.538,-0.954],[-2.439,-1.597],[-0.154,-0.126],[3.817,-4.922],[0,0],[3.07,9.526],[0.538,2.034]],"o":[[1.443,0.717],[2.461,3.192],[1.459,3.738],[4.96,-0.425],[-0.696,-1.401],[0.54,1.072],[1.432,2.539],[0.194,0.127],[0.31,0.176],[0,0],[-2.614,-2.815],[-1.671,-5.182],[-0.614,-1.954]],"v":[[-16.085,-15.446],[-12.196,-12.225],[-6.635,-0.737],[3.212,4.46],[8.044,1.528],[5.544,-4.787],[7.165,-1.732],[13.035,4.587],[13.558,4.965],[13.994,15.446],[-3.836,15.446],[-10.046,1.285],[-17.197,-10.955]],"c":true},"a":0}},{"ty":"fl","nm":"F","bm":0,"c":{"a":0,"k":[0.018,0.022,0.0211,1]},"o":{"a":0,"k":100},"r":1},{"ty":"tr","o":{"a":0,"k":100},"r":{"a":0,"k":0},"p":{"a":0,"k":[817.276,1271.33]},"a":{"a":0,"k":[0,0]},"s":{"a":0,"k":[100,100]},"nm":"T","sk":{"a":0,"k":0},"sa":{"a":0,"k":0}}]},{"ty":"gr","nm":"G","bm":0,"it":[{"ty":"sh","nm":"P","ind":0,"ks":{"k":{"i":[[-1.581,-3.347],[-3.282,-4.649],[-0.401,-0.417],[0,0],[2.772,3.891],[0.849,0.936],[1.334,3.172],[0.37,0.836],[-1.005,5.01],[0.273,6.291],[6.837,-1.504],[0,0],[1.37,-5.57],[2.493,-5.262],[-0.371,-1.689]],"o":[[2.461,5.197],[0.338,0.497],[0,0],[1.872,-2.284],[-0.783,-1.089],[-2.018,-2.227],[-0.359,-0.854],[-2.155,-4.872],[1.532,-7.645],[-0.411,-6.017],[-1.368,0.273],[0.41,5.333],[-1.757,8.115],[-0.333,1.857],[0.789,3.588]],"v":[[-9.263,17.259],[-3.018,32.849],[-1.906,34.217],[13.099,32.923],[13.207,25.361],[11.046,23.068],[6.323,14.479],[3.012,8.399],[1.396,-3.014],[5.357,-25.052],[1.502,-32.713],[-2.334,-31.564],[-7.979,-12.448],[-15.645,4.336],[-14.885,8.269]],"c":true},"a":0}},{"ty":"fl","nm":"F","bm":0,"c":{"a":0,"k":[0.9721,0.737,0.4079,1]},"o":{"a":0,"k":100},"r":1},{"ty":"tr","o":{"a":0,"k":100},"r":{"a":0,"k":0},"p":{"a":0,"k":[816.497,1251.848]},"a":{"a":0,"k":[0,0]},"s":{"a":0,"k":[100,100]},"nm":"T","sk":{"a":0,"k":0},"sa":{"a":0,"k":0}}]},{"ty":"gr","nm":"G","bm":0,"it":[{"ty":"sh","nm":"P","ind":0,"ks":{"k":{"i":[[0,0],[0,0],[0,0],[0,0]],"o":[[0,0],[0,0],[0,0],[0,0]],"v":[[3.761,12.616],[0,12.616],[-3.761,-12.616],[3.282,-10.086]],"c":true},"a":0}},{"ty":"fl","nm":"F","bm":0,"c":{"a":0,"k":[0.0588,0.0812,0.0763,1]},"o":{"a":0,"k":100},"r":1},{"ty":"tr","o":{"a":0,"k":100},"r":{"a":0,"k":0},"p":{"a":0,"k":[805.284,1274.16]},"a":{"a":0,"k":[0,0]},"s":{"a":0,"k":[100,100]},"nm":"T","sk":{"a":0,"k":0},"sa":{"a":0,"k":0}}]},{"ty":"gr","nm":"G","bm":0,"it":[{"ty":"sh","nm":"P","ind":0,"ks":{"k":{"i":[[-0.565,0.683],[-1.153,-1.452],[-1.459,-3.738],[-6.382,0.547],[1.368,2.75],[-0.003,2.127],[-0.538,-0.954],[-2.439,-1.597],[-0.154,-0.126],[3.817,-4.922],[0,0],[3.07,9.526],[0.538,2.034]],"o":[[1.443,0.717],[2.461,3.192],[1.459,3.738],[4.96,-0.425],[-0.696,-1.401],[0.54,1.072],[1.432,2.539],[0.194,0.127],[0.31,0.176],[0,0],[-2.614,-2.815],[-1.671,-5.182],[-0.614,-1.954]],"v":[[-16.085,-15.446],[-12.196,-12.225],[-6.635,-0.737],[3.212,4.46],[8.044,1.528],[5.544,-4.787],[7.165,-1.732],[13.035,4.587],[13.558,4.965],[13.994,15.446],[-3.836,15.446],[-10.046,1.285],[-17.197,-10.955]],"c":true},"a":0}},{"ty":"fl","nm":"F","bm":0,"c":{"a":0,"k":[0.018,0.022,0.0211,1]},"o":{"a":0,"k":100},"r":1},{"ty":"tr","o":{"a":0,"k":100},"r":{"a":0,"k":0},"p":{"a":0,"k":[754.539,1271.33]},"a":{"a":0,"k":[0,0]},"s":{"a":0,"k":[100,100]},"nm":"T","sk":{"a":0,"k":0},"sa":{"a":0,"k":0}}]},{"ty":"gr","nm":"G","bm":0,"it":[{"ty":"sh","nm":"P","ind":0,"ks":{"k":{"i":[[-1.581,-3.347],[-3.282,-4.649],[-0.401,-0.417],[0,0],[2.772,3.891],[0.849,0.936],[1.334,3.172],[0.37,0.836],[-1.005,5.01],[0.274,6.29],[6.838,-1.504],[0,0],[1.371,-5.57],[2.493,-5.262],[-0.371,-1.689]],"o":[[2.461,5.197],[0.338,0.497],[0,0],[1.872,-2.284],[-0.783,-1.089],[-2.018,-2.227],[-0.359,-0.854],[-2.155,-4.872],[1.532,-7.644],[-0.41,-6.018],[-1.367,0.273],[0.41,5.333],[-1.757,8.116],[-0.333,1.857],[0.789,3.588]],"v":[[-9.263,17.259],[-3.018,32.849],[-1.906,34.217],[13.099,32.923],[13.207,25.361],[11.046,23.068],[6.323,14.479],[3.012,8.399],[1.396,-3.014],[7.589,-23.683],[1.501,-32.713],[-2.334,-31.564],[-6.786,-12.534],[-15.645,4.336],[-14.885,8.269]],"c":true},"a":0}},{"ty":"fl","nm":"F","bm":0,"c":{"a":0,"k":[0.9721,0.737,0.4079,1]},"o":{"a":0,"k":100},"r":1},{"ty":"tr","o":{"a":0,"k":100},"r":{"a":0,"k":0},"p":{"a":0,"k":[753.76,1252.064]},"a":{"a":0,"k":[0,0]},"s":{"a":0,"k":[100,100]},"nm":"T","sk":{"a":0,"k":0},"sa":{"a":0,"k":0}}]},{"ty":"gr","nm":"G","bm":0,"it":[{"ty":"sh","nm":"P","ind":0,"ks":{"k":{"i":[[0,0],[0,0],[0,0],[0,0]],"o":[[0,0],[0,0],[0,0],[0,0]],"v":[[3.761,12.616],[0,12.616],[-3.761,-12.616],[3.282,-10.086]],"c":true},"a":0}},{"ty":"fl","nm":"F","bm":0,"c":{"a":0,"k":[0.0588,0.0812,0.0763,1]},"o":{"a":0,"k":100},"r":1},{"ty":"tr","o":{"a":0,"k":100},"r":{"a":0,"k":0},"p":{"a":0,"k":[742.547,1274.16]},"a":{"a":0,"k":[0,0]},"s":{"a":0,"k":[100,100]},"nm":"T","sk":{"a":0,"k":0},"sa":{"a":0,"k":0}}]}],"ip":0,"op":180,"st":0,"ty":4},{"ind":4,"nm":"S","sr":1,"ks":{"o":{"a":0,"k":100},"r":{"a":1,"k":[{"i":{"x":[0.667],"y":[1]},"o":{"x":[0.333],"y":[0]},"t":0,"s":[0]},{"i":{"x":[0.667],"y":[1]},"o":{"x":[0.333],"y":[0]},"t":90,"s":[5]},{"t":180,"s":[0]}]},"p":{"a":0,"k":[1431.02,927.53,0]},"a":{"a":0,"k":[1431.02,927.53,0]},"s":{"a":0,"k":[100,100,100]}},"shapes":[{"ty":"gr","nm":"G","bm":0,"it":[{"ty":"sh","nm":"P","ind":0,"ks":{"k":{"i":[[0,-29.952],[29.952,0],[0,29.952],[-29.953,0]],"o":[[0,29.952],[-29.953,0],[0,-29.952],[29.952,0]],"v":[[54.234,0],[0,54.233],[-54.234,0],[0,-54.233]],"c":true},"a":0}},{"ty":"fl","nm":"F","bm":0,"c":{"a":0,"k":[0.5172,0.8028,0.7504,1]},"o":{"a":0,"k":100},"r":1},{"ty":"tr","o":{"a":0,"k":100},"r":{"a":0,"k":0},"p":{"a":0,"k":[1055.163,1154.667]},"a":{"a":0,"k":[0,0]},"s":{"a":0,"k":[100,100]},"nm":"T","sk":{"a":0,"k":0},"sa":{"a":0,"k":0}}]},{"ty":"gr","nm":"G","bm":0,"it":[{"ty":"sh","nm":"P","ind":0,"ks":{"k":{"i":[[0,-40.911],[40.91,0],[0,40.91],[-40.91,0]],"o":[[0,40.91],[-40.91,0],[0,-40.911],[40.91,0]],"v":[[74.075,0],[0,74.075],[-74.075,0],[0,-74.075]],"c":true},"a":0}},{"ty":"fl","nm":"F","bm":0,"c":{"a":0,"k":[0.3404,0.5796,0.5357,1]},"o":{"a":0,"k":100},"r":1},{"ty":"tr","o":{"a":0,"k":100},"r":{"a":0,"k":0},"p":{"a":0,"k":[1055.163,1154.667]},"a":{"a":0,"k":[0,0]},"s":{"a":0,"k":[100,100]},"nm":"T","sk":{"a":0,"k":0},"sa":{"a":0,"k":0}}]},{"ty":"gr","nm":"G","bm":0,"it":[{"ty":"sh","nm":"P","ind":0,"ks":{"k":{"i":[[0,0],[-0.177,-11.286],[31.253,-44.116],[52.408,24.582],[31.315,-13.607],[1.894,-0.789],[0,0],[-1.93,0.838],[-137.137,-64.322],[-13.078,0],[-25.344,35.776],[1.095,70.119],[3.018,17.404]],"o":[[1.236,10.843],[1.043,66.87],[-18.054,25.484],[-143.625,-67.363],[-1.856,0.807],[0,0],[1.968,-0.821],[27.931,-12.14],[13.227,6.203],[32.328,0],[33.132,-46.766],[-0.29,-18.576],[0,0]],"v":[[172.867,-126.969],[174.994,-93.753],[126.749,83.491],[18.17,123.473],[-186.349,82.568],[-191.959,84.973],[-185.854,99.625],[-180.022,97.126],[11.428,137.844],[51.021,147.098],[139.701,92.667],[190.865,-94.001],[185.87,-148.055]],"c":false},"a":0}},{"ty":"fl","nm":"F","bm":0,"c":{"a":0,"k":[0.0814,0.1386,0.1262,1]},"o":{"a":0,"k":100},"r":1},{"ty":"tr","o":{"a":0,"k":100},"r":{"a":0,"k":0},"p":{"a":0,"k":[1259.281,1068.321]},"a":{"a":0,"k":[0,0]},"s":{"a":0,"k":[100,100]},"nm":"T","sk":{"a":0,"k":0},"sa":{"a":0,"k":0}}]}],"ip":0,"op":180,"st":0,"ty":4},{"ind":5,"nm":"L","sr":1,"ks":{"o":{"a":0,"k":100},"r":{"a":0,"k":0},"p":{"a":0,"k":[1047.02,1338.53,0]},"a":{"a":0,"k":[1047.02,1338.53,0]},"s":{"a":0,"k":[100,100,100]}},"shapes":[{"ty":"gr","nm":"S","bm":0,"it":[{"ty":"sh","nm":"P","ind":0,"ks":{"k":{"i":[[0,0],[0,0],[0,0],[0,0],[0,0],[0,0]],"o":[[0,0],[0,0],[0,0],[0,0],[0,0],[0,0]],"v":[[785.75,911.25],[1064,911],[1176,1153],[1305,624],[1305,909],[1426.75,909]],"c":false},"a":0}},{"ty":"st","nm":"S","bm":0,"lc":2,"lj":2,"o":{"a":0,"k":100},"w":{"a":0,"k":40},"c":{"a":0,"k":[1,1,1,1]}},{"ty":"tr","o":{"a":0,"k":100},"r":{"a":0,"k":0},"p":{"a":0,"k":[0,0]},"a":{"a":0,"k":[0,0]},"s":{"a":0,"k":[100,100]},"nm":"T","sk":{"a":0,"k":0},"sa":{"a":0,"k":0}}]},{"ty":"tm","nm":"T","s":{"a":0,"k":0},"e":{"a":0,"k":35},"o":{"a":1,"k":[{"i":{"x":[0.833],"y":[0.833]},"o":{"x":[0.167],"y":[0.167]},"t":0,"s":[0]},{"t":180,"s":[720]}]},"m":1},{"ty":"gr","nm":"G","bm":0,"it":[{"ty":"sh","nm":"P","ind":0,"ks":{"k":{"i":[[0,0],[-2.46,24.857],[0,0],[0,9.483],[137.699,0],[45.693,-57.035],[78.731,0],[0,-137.801],[-1.03,-9.207],[0,0],[0,0],[-112.938,191.355]],"o":[[12.914,-28.06],[0,0],[1.03,-9.207],[0,-137.801],[-78.731,0],[-45.694,-57.035],[-137.699,0],[0,9.483],[0,0],[56.418,221.179],[0,0],[0,0]],"v":[[418.101,-48.703],[441.939,-128.525],[442.306,-131.417],[443.913,-159.449],[194.586,-408.958],[0,-315.367],[-194.586,-408.958],[-443.913,-159.449],[-442.305,-131.417],[-441.955,-128.657],[8.5,408.958],[394.732,-4.416]],"c":true},"a":0}},{"ty":"fl","nm":"F","bm":0,"c":{"a":0,"k":[0.8883,0.5397,0.0517,1]},"o":{"a":0,"k":100},"r":1},{"ty":"tr","o":{"a":0,"k":100},"r":{"a":0,"k":0},"p":{"a":0,"k":[1041.735,938.562]},"a":{"a":0,"k":[0,0]},"s":{"a":0,"k":[100,100]},"nm":"T","sk":{"a":0,"k":0},"sa":{"a":0,"k":0}}]}],"ip":0,"op":180,"st":0,"ty":4},{"ind":6,"nm":"S","sr":1,"ks":{"o":{"a":0,"k":100},"r":{"a":1,"k":[{"i":{"x":[0.667],"y":[1]},"o":{"x":[0.333],"y":[0]},"t":0,"s":[0]},{"i":{"x":[0.667],"y":[1]},"o":{"x":[0.333],"y":[0]},"t":90,"s":[5]},{"t":180,"s":[0]}]},"p":{"a":0,"k":[1047.02,615.53,0]},"a":{"a":0,"k":[1047.02,615.53,0]},"s":{"a":0,"k":[100,100,100]}},"shapes":[{"ty":"gr","nm":"G","bm":0,"it":[{"ty":"sh","nm":"P","ind":0,"ks":{"k":{"i":[[0,0],[51.29,29.196],[11.602,46.368],[-16.004,25.36],[0,0],[-4.401,-17.591],[-62.869,-35.786],[-45.025,-45.821]],"o":[[-43.477,-44.246],[-66.035,-37.588],[-5.511,-22.022],[0,0],[-13.566,21.497],[9.955,39.784],[52.189,29.708],[0,0]],"v":[[175.003,146.364],[11.723,66.716],[-180.814,-75.949],[-165.22,-146.364],[-151.796,-137.892],[-165.416,-79.802],[19.576,52.921],[186.325,135.238]],"c":false},"a":0}},{"ty":"fl","nm":"F","bm":0,"c":{"a":0,"k":[0.0814,0.1386,0.1262,1]},"o":{"a":0,"k":100},"r":1},{"ty":"tr","o":{"a":0,"k":100},"r":{"a":0,"k":0},"p":{"a":0,"k":[1188.656,641.507]},"a":{"a":0,"k":[0,0]},"s":{"a":0,"k":[100,100]},"nm":"T","sk":{"a":0,"k":0},"sa":{"a":0,"k":0}}]},{"ty":"gr","nm":"G","bm":0,"it":[{"ty":"sh","nm":"P","ind":0,"ks":{"k":{"i":[[0,0],[0,0],[0,0],[0,0]],"o":[[0,0],[0,0],[0,0],[0,0]],"v":[[13.542,28.957],[-31.699,-4.134],[-13.543,-28.957],[31.699,4.134]],"c":true},"a":0}},{"ty":"fl","nm":"F","bm":0,"c":{"a":0,"k":[0.0814,0.1386,0.1262,1]},"o":{"a":0,"k":100},"r":1},{"ty":"tr","o":{"a":0,"k":100},"r":{"a":0,"k":0},"p":{"a":0,"k":[1030.148,499.379]},"a":{"a":0,"k":[0,0]},"s":{"a":0,"k":[100,100]},"nm":"T","sk":{"a":0,"k":0},"sa":{"a":0,"k":0}}]},{"ty":"gr","nm":"G","bm":0,"it":[{"ty":"sh","nm":"P","ind":0,"ks":{"k":{"i":[[9.091,8.737],[0,0],[-8.737,9.092],[0,0],[-9.092,-8.737],[8.738,-9.091],[0,0]],"o":[[0,0],[-9.091,-8.737],[0,0],[8.737,-9.091],[9.091,8.738],[0,0],[-8.737,9.092]],"v":[[-25.794,26.839],[-25.794,26.839],[-26.436,-5.443],[-6.488,-26.198],[25.795,-26.839],[26.434,5.443],[6.486,26.198]],"c":true},"a":0}},{"ty":"fl","nm":"F","bm":0,"c":{"a":0,"k":[0.0814,0.1386,0.1262,1]},"o":{"a":0,"k":100},"r":1},{"ty":"tr","o":{"a":0,"k":100},"r":{"a":0,"k":0},"p":{"a":0,"k":[1270.643,388.101]},"a":{"a":0,"k":[0,0]},"s":{"a":0,"k":[100,100]},"nm":"T","sk":{"a":0,"k":0},"sa":{"a":0,"k":0}}]},{"ty":"gr","nm":"G","bm":0,"it":[{"ty":"sh","nm":"P","ind":0,"ks":{"k":{"i":[[9.091,8.737],[0,0],[-8.737,9.092],[0,0],[-9.092,-8.738],[8.738,-9.091],[0,0]],"o":[[0,0],[-9.091,-8.737],[0,0],[8.737,-9.091],[9.091,8.737],[0,0],[-8.737,9.092]],"v":[[-25.794,26.839],[-25.794,26.839],[-26.436,-5.443],[-6.488,-26.198],[25.795,-26.838],[26.434,5.443],[6.486,26.198]],"c":true},"a":0}},{"ty":"fl","nm":"F","bm":0,"c":{"a":0,"k":[0.0814,0.1386,0.1262,1]},"o":{"a":0,"k":100},"r":1},{"ty":"tr","o":{"a":0,"k":100},"r":{"a":0,"k":0},"p":{"a":0,"k":[1078.842,229.369]},"a":{"a":0,"k":[0,0]},"s":{"a":0,"k":[100,100]},"nm":"T","sk":{"a":0,"k":0},"sa":{"a":0,"k":0}}]},{"ty":"gr","nm":"G","bm":0,"it":[{"ty":"sh","nm":"P","ind":0,"ks":{"k":{"i":[[11.359,0],[19.706,10.71],[5.777,36.99],[-58.153,60.796],[0,0],[-8.23,-52.71],[-32.058,-17.422],[-27.944,8.367],[-0.48,0.9],[0,0],[76.587,-22.931]],"o":[[-20.169,0.001],[-35.552,-19.322],[-8.894,-56.958],[0,0],[-55.181,57.69],[5.156,33.019],[27.434,14.91],[71.108,-21.29],[0,0],[-2.077,3.883],[-11.391,3.41]],"v":[[-15.245,145.104],[-75.17,129.027],[-138.343,42.95],[-59.676,-145.105],[-49.639,-135.504],[-124.62,40.807],[-68.537,116.824],[14.92,126.685],[134.988,15.152],[147.236,21.703],[18.904,139.991]],"c":true},"a":0}},{"ty":"fl","nm":"F","bm":0,"c":{"a":0,"k":[0.3404,0.5796,0.5357,1]},"o":{"a":0,"k":100},"r":1},{"ty":"tr","o":{"a":0,"k":100},"r":{"a":0,"k":0},"p":{"a":0,"k":[1113.658,384.886]},"a":{"a":0,"k":[0,0]},"s":{"a":0,"k":[100,100]},"nm":"T","sk":{"a":0,"k":0},"sa":{"a":0,"k":0}}]}],"ip":0,"op":180,"st":0,"ty":4},{"ind":7,"nm":"B","sr":1,"ks":{"o":{"a":0,"k":100},"r":{"a":0,"k":0},"p":{"a":0,"k":[1002.02,780.53,0]},"a":{"a":0,"k":[1002.02,780.53,0]},"s":{"a":0,"k":[100,100,100]}},"shapes":[{"ty":"gr","nm":"G","bm":0,"it":[{"ty":"sh","nm":"P","ind":0,"ks":{"k":{"i":[[5.147,0],[0,0],[0,6.474],[-5.147,0],[0,0],[0,-6.473]],"o":[[0,0],[-5.147,0],[0,-6.473],[0,0],[5.147,0],[0,6.474]],"v":[[771.97,11.721],[-771.971,11.721],[-781.29,-0.001],[-771.971,-11.722],[771.97,-11.722],[781.29,-0.001]],"c":true},"a":0}},{"ty":"fl","nm":"F","bm":0,"c":{"a":0,"k":[0.004,0.196,0.1544,1]},"o":{"a":0,"k":100},"r":1},{"ty":"tr","o":{"a":0,"k":100},"r":{"a":0,"k":0},"p":{"a":0,"k":[1002.021,1353.183]},"a":{"a":0,"k":[0,0]},"s":{"a":0,"k":[100,100]},"nm":"T","sk":{"a":0,"k":0},"sa":{"a":0,"k":0}}]},{"ty":"gr","nm":"G","bm":0,"it":[{"ty":"sh","nm":"P","ind":0,"ks":{"k":{"i":[[0.426,-0.307],[-69.178,-118.293],[-5.809,10.451],[219.853,195.615],[95.223,21.429],[115.06,-65.129],[90.853,-119.368],[68.689,-29.53],[65.544,-46.552]],"o":[[-117.68,84.718],[74.011,2.773],[132.582,-238.527],[-72.919,-64.881],[-128.988,-29.028],[-136.189,77.089],[-44.769,58.819],[-72.546,31.187],[-0.429,0.305]],"v":[[-706.797,135.918],[-763.426,502.72],[680.583,502.72],[612.75,-356.4],[352.744,-484.143],[-32.426,-439.921],[-320.664,-94.603],[-485.933,46.142],[-705.514,135.001]],"c":true},"a":0}},{"ty":"fl","nm":"F","bm":0,"c":{"a":0,"k":[0.919,0.961,0.961,1]},"o":{"a":0,"k":100},"r":1},{"ty":"tr","o":{"a":0,"k":100},"r":{"a":0,"k":0},"p":{"a":0,"k":[1015.946,851.949]},"a":{"a":0,"k":[0,0]},"s":{"a":0,"k":[100,100]},"nm":"T","sk":{"a":0,"k":0},"sa":{"a":0,"k":0}}]}],"ip":0,"op":180,"st":0,"ty":4}],"markers":[]}